"referencia","autor","titulo","tipoUsuario","sector","año","link"
"Índice nacional de ciencia, tecnología e innovación 2015","Nuestra Visión Noticias","Michoacán desciende 2 posiciones en Ciencia y Tecnología","Privado","Privado",2015,"https://www.nuestravision.com.mx/index.php/component/videoflow/latest/64331-michoacan-desciende-2-posiciones-en-ciencia-y-tecnologia?list=ups&start=1930"
"Índice nacional de ciencia, tecnología e innovación 2015","Secretaría de Economía","Información Económica Estatal - Aguascalientes","Gubernamental","Público",2016,"https://www.gob.mx/cms/uploads/attachment/file/157921/aguascalientes_2016_1024.pdf"
"Índice nacional de ciencia, tecnología e innovación 2015","Secretaría de Economía","Información Económica Estatal - Baja California","Gubernamental","Público",2016,"https://www.gob.mx/cms/uploads/attachment/file/157920/baja_california_2016_1024.pdf"
"Índice nacional de ciencia, tecnología e innovación 2015","Secretaría de Economía","Información Económica Estatal - Baja California Sur","Gubernamental","Público",2016,"https://www.gob.mx/cms/uploads/attachment/file/175892/baja_california_sur_2016_1116.pdf"
"Índice nacional de ciencia, tecnología e innovación 2015","Secretaría de Economía","Información Económica Estatal - Campeche","Gubernamental","Público",2016,"https://www.gob.mx/cms/uploads/attachment/file/157923/campeche_2016_1024.pdf"
"Índice nacional de ciencia, tecnología e innovación 2015","Secretaría de Economía","Información Económica Estatal - Chiapas","Gubernamental","Público",2016,"https://www.gob.mx/cms/uploads/attachment/file/157924/chiapas_2016_1024.pdf"
"Índice nacional de ciencia, tecnología e innovación 2015","Secretaría de Economía","Información Económica Estatal - Chihuahua","Gubernamental","Público",2016,"https://www.gob.mx/cms/uploads/attachment/file/175895/chihuahua_2016_1116.pdf"
"Índice nacional de ciencia, tecnología e innovación 2015","Secretaría de Economía","Información Económica Estatal - Ciudad de México","Gubernamental","Público",2016,"https://www.gob.mx/cms/uploads/attachment/file/145357/ciudad_de_mexico_2016_0923.pdf"
"Índice nacional de ciencia, tecnología e innovación 2015","Secretaría de Economía","Información Económica Estatal - Coahuila","Gubernamental","Público",2016,"https://www.gob.mx/cms/uploads/attachment/file/175897/coahuila_2016_1116.pdf"
"Índice nacional de ciencia, tecnología e innovación 2015","Secretaría de Economía","Información Económica Estatal - Colima","Gubernamental","Público",2016,"https://www.gob.mx/cms/uploads/attachment/file/145359/colima_2016_0923.pdf"
"Índice nacional de ciencia, tecnología e innovación 2015","Secretaría de Economía","Información Económica Estatal - Durango","Gubernamental","Público",2016,"https://www.gob.mx/cms/uploads/attachment/file/175899/durango_2016_1116.pdf"
"Índice nacional de ciencia, tecnología e innovación 2015","Secretaría de Economía","Información Económica Estatal - Estado de México","Gubernamental","Público",2016,"https://www.gob.mx/cms/uploads/attachment/file/166588/estado_de_mexico_2016_1116.pdf"
"Índice nacional de ciencia, tecnología e innovación 2015","Secretaría de Economía","Información Económica Estatal - Guanajuato","Gubernamental","Público",2016,"https://www.gob.mx/cms/uploads/attachment/file/166589/guanajuato_2016_1116.pdf"
"Índice nacional de ciencia, tecnología e innovación 2015","Secretaría de Economía","Información Económica Estatal - Guerrero","Gubernamental","Público",2016,"https://www.gob.mx/cms/uploads/attachment/file/175902/guerrero_2016_1116.pdf"
"Índice nacional de ciencia, tecnología e innovación 2015","Secretaría de Economía","Información Económica Estatal - Hidalgo","Gubernamental","Público",2016,"https://www.gob.mx/cms/uploads/attachment/file/166591/hidalgo_2016_1116.pdf"
"Índice nacional de ciencia, tecnología e innovación 2015","Secretaría de Economía","Información Económica Estatal - Jalisco","Gubernamental","Público",2016,"https://www.gob.mx/cms/uploads/attachment/file/175904/jalisco_2016_1116.pdf"
"Índice nacional de ciencia, tecnología e innovación 2015","Secretaría de Economía","Información Económica Estatal - Michoacán","Gubernamental","Público",2016,"https://www.gob.mx/cms/uploads/attachment/file/175905/michoacan_2016_1116.pdf"
"Índice nacional de ciencia, tecnología e innovación 2015","Secretaría de Economía","Información Económica Estatal - Morelos","Gubernamental","Público",2016,"https://www.gob.mx/cms/uploads/attachment/file/157484/morelos_2016_1013.pdf"
"Índice nacional de ciencia, tecnología e innovación 2015","Secretaría de Economía","Información Económica Estatal - Nayarit","Gubernamental","Público",2016,"https://www.gob.mx/cms/uploads/attachment/file/175907/nayarit_2016_1116.pdf"
"Índice nacional de ciencia, tecnología e innovación 2015","Secretaría de Economía","Información Económica Estatal - Nuevo León","Gubernamental","Público",2016,"https://www.gob.mx/cms/uploads/attachment/file/154408/nuevo_leon_2016_1013.pdf"
"Índice nacional de ciencia, tecnología e innovación 2015","Secretaría de Economía","Información Económica Estatal - Oaxaca","Gubernamental","Público",2016,"https://www.gob.mx/cms/uploads/attachment/file/175909/oaxaca_2016_1116.pdf"
"Índice nacional de ciencia, tecnología e innovación 2015","Secretaría de Economía","Información Económica Estatal - Puebla","Gubernamental","Público",2016,"https://www.gob.mx/cms/uploads/attachment/file/175910/puebla_2016_1116.pdf"
"Índice nacional de ciencia, tecnología e innovación 2015","Secretaría de Economía","Información Económica Estatal - Querétaro","Gubernamental","Público",2016,"https://www.gob.mx/cms/uploads/attachment/file/175911/queretaro_2016_1116.pdf"
"Índice nacional de ciencia, tecnología e innovación 2015","Secretaría de Economía","Información Económica Estatal - Quintana Roo","Gubernamental","Público",2016,"https://www.gob.mx/cms/uploads/attachment/file/152025/quintana_roo_2016_0923.pdf"
"Índice nacional de ciencia, tecnología e innovación 2015","Secretaría de Economía","Información Económica Estatal - San Luis Potosí","Gubernamental","Público",2016,"https://www.gob.mx/cms/uploads/attachment/file/166601/san_luis_potosi_2016_1116.pdf"
"Índice nacional de ciencia, tecnología e innovación 2015","Secretaría de Economía","Información Económica Estatal - Sinaloa","Gubernamental","Público",2016,"https://www.gob.mx/cms/uploads/attachment/file/175914/sinaloa_2016_1116.pdf"
"Índice nacional de ciencia, tecnología e innovación 2015","Secretaría de Economía","Información Económica Estatal - Sonora","Gubernamental","Público",2016,"https://www.gob.mx/cms/uploads/attachment/file/175915/sonora_2016_1116.pdf"
"Índice nacional de ciencia, tecnología e innovación 2015","Secretaría de Economía","Información Económica Estatal - Tabasco","Gubernamental","Público",2016,"https://www.gob.mx/cms/uploads/attachment/file/175916/tabasco_2016_1116.pdf"
"Índice nacional de ciencia, tecnología e innovación 2015","Secretaría de Economía","Información Económica Estatal - Tamaulipas","Gubernamental","Público",2016,"https://www.gob.mx/cms/uploads/attachment/file/175917/tamaulipas_2016_1116.pdf"
"Índice nacional de ciencia, tecnología e innovación 2015","Secretaría de Economía","Información Económica Estatal - Tlaxcala","Gubernamental","Público",2016,"https://www.gob.mx/cms/uploads/attachment/file/175918/tlaxcala_2016_1116.pdf"
"Índice nacional de ciencia, tecnología e innovación 2015","Secretaría de Economía","Información Económica Estatal - Veracruz","Gubernamental","Público",2016,"https://www.gob.mx/cms/uploads/attachment/file/157949/veracruz_2016_1024.pdf"
"Índice nacional de ciencia, tecnología e innovación 2015","Secretaría de Economía","Información Económica Estatal - Yucatán","Gubernamental","Público",2016,"https://www.gob.mx/cms/uploads/attachment/file/166608/yucatan_2016_1116.pdf"
"Índice nacional de ciencia, tecnología e innovación 2015","Secretaría de Economía","Información Económica Estatal - Zacatecas","Gubernamental","Público",2016,"https://www.gob.mx/cms/uploads/attachment/file/175921/zacatecas_2016_1116.pdf"
"Índice nacional de ciencia, tecnología e innovación 2015","Nelly Toche","En busca de un vínculo ?con la ciudadanía","Privado","Privado",2016,"https://www.eleconomista.com.mx/arteseideas/En-busca-de-un-vinculo-con-la-ciudadania-20160125-0031.html"
"Índice nacional de ciencia, tecnología e innovación 2015","Universidad Autónoma “Benito Juárez” de Oaxaca Centro de Evaluación e Innovación Educativa:
Escuela de Economía","Plan de estudios de la Maestría en Proyectos Productivos Sustentables","Académico","Público",2016,"https://transparencia.uabjo.mx/obligaciones/economia/articulo-75/fraccion-1/75-1-300-maestria-en-proyectos-productivos-sustentables-2017.pdf"
"Índice nacional de ciencia, tecnología e innovación 2015","Secretaría de Educación Pública SEP","Estadística Educativa por Entidad Federativa 2015 - 2016 - Secretaría de Educación Pública SEP","Gubernamental","Público",2016,"https://observatorio-social-economico-mexico.blogspot.com/2016/11/estadistica-educativa-por-entidad.html"
"Índice nacional de ciencia, tecnología e innovación 2015","Rubí Alejandra Medina Mijangos","Análisis comparativo del sector logístico entre la región de Yucatán, México y la Comunidad Autónoma de Aragón con referencia a la metodología de Estrategias de Investigación e Innovación para la Especialización Inteligente (RIS3)","Académico","Privado",2016,"https://upcommons.upc.edu/bitstream/handle/2117/96887/MEMORIA_RUBI_MEDINA.pdf"
"Índice nacional de ciencia, tecnología e innovación 2015","Observatorio Social y Econóico de Yucatán","Minimonografía de Yucatán. Censos Económicos 2014 INEGI","Privado","Privado",2016,"https://observatorio-social-economico-yucatan.blogspot.com/2016/08/minimonografia-de-yucatan-censos.html"
"Índice nacional de ciencia, tecnología e innovación 2015","José Alejandro Montemayor Montemayor - Centro de Estudios de las Finanzas Públicas de la Cámara de Diputados","Factores que inciden en la productividad y competitividad en las entidades federativas de México","Académico","Público",2017,"https://cefp.gob.mx/transp/CEFP-CEFP-70-41-C-Estudio-PCF-041017.pdf"
"Índice nacional de ciencia, tecnología e innovación 2015","Revista Cimexus","La innovación en el comercio exterior de San Luis Potosí","Privado","Privado",2017,"https://www.academia.edu/78537142/La_innovación_en_el_comercio_exterior_de_San_Luis_Potosí"
"Índice nacional de ciencia, tecnología e innovación 2015","Jacobo Tolamatl Michcol, José Antonio Varela Loyola y David Gallardo García - Universidad Politécnica de Tlaxcala","La competitividad de la manufactura del sector autopartes en Tlaxcala: Modelo para el desarrollo","Académico","Privado",2017,"https://www.ecorfan.org/libros/BOOK_TX.pdf"
"Índice nacional de ciencia, tecnología e innovación 2015","Mario López López y Edna Marpia Villarreal Peralta","Aproximaciones a la medición del sistema de innovación en México","Académico","Privado",2017,"https://www.uam.mx/altec2017/pdfs/ALTEC_2017_paper_109.pdf"
"Índice nacional de ciencia, tecnología e innovación 2015","Universidad Autónoma del Estado de Hidalgo","Hidalgo: Desafíos del desarrollo","Académico","Privado",2017,"https://repository.uaeh.edu.mx/books/164/hd.pdf#page=14"
"Índice nacional de ciencia, tecnología e innovación 2015","Liliana Aguilar Armendáriz y Martha Fabiola Rivera García","La innovación en el comercio exterior de
San Luis Potosí","Académico","Privado",2017,"https://dialnet.unirioja.es/descarga/articulo/6153679.pdf"
"Índice nacional de ciencia, tecnología e innovación 2015","Fondo mixto CONACYT-Gobierno del estado de Nuevo León","Fortalecimiento de infraestructura para divulgación de la ciencia y la tecnología","Gubernamental","Público",2017,"https://secihti.mx/wp-content/uploads/convocatorias/fondos_mixtos/nuevo_leon/2017_02_FOMIX_Nuevo_Leon/FOMIX_NUEVO_LEON_DEMANDA_ESPECIFICA_2017-02.pdf"
"Índice nacional de ciencia, tecnología e innovación 2015","María Angélica Cerdán; Marco Antonio Moreno; Jorge Rafael Aguilar; Luis Alfonso Ramírez","Strategic Reference Framework to Promote ICT Industry Innovation at the State of Querétaro, México","Académico","Privado",2017,"https://ieeexplore.ieee.org/abstract/document/8337951/authors#authors"
"Índice nacional de ciencia, tecnología e innovación 2015","Delegación Federal en el Estado de San Luis Potosí","Informe 2017 - 2018","Gubernamental","Público",2017,"https://www.gob.mx/cms/uploads/attachment/file/397954/24_San_Luis_Potos__InformeActividades_2017_2018.pdf"
"Índice nacional de ciencia, tecnología e innovación 2015","Elizabeth Hernández Mesa, Humberto Banda Ortiz, Martha July Mora Haro","Aproximación teórica de los indicadores que permitan evaluar el impacto social de la ciencia y la tecnología en el sector automotriz en Querétaro","Académico","Privado",2017,"https://www.riico.net/index.php/riico/article/download/1476/1137"
"Índice nacional de ciencia, tecnología e innovación 2015","Gobierno del Estado de Zacatecas","Programa especial de ciencia, tecnología e innovación del estado de Zacatecas 2017-2021","Gubernamental","Público",2017,"https://pbr-sed.zacatecas.gob.mx/wp-content/uploads/2020/02/PECITI-2017-2021.pdf"
"Índice nacional de ciencia, tecnología e innovación 2015","Manuel Iván Girón Pérez, Aline Viridiana Huerta Hernández y Beatriz Quintero Hernández","Ciencia en Nayarit, a 100 años de la creación del estado: antecedentes históricos, situación actual, retos y perspectivas","Privado","Privado",2017,"https://www.revistaciencia.amc.edu.mx/images/revista/68_3/PDF/actualidad.pdf"
"Índice nacional de ciencia, tecnología e innovación 2015","Enrique Agustín Ruiz Flores","Deserción escolar en el plantel Celaya III del subsistema CECYTE Guanajuato","Académico","Privado",2017,"https://es.scribd.com/document/444165225/Investigacion-en-la-Educacion-Superior-Eje-de-Competencias-Tomo-12-2017-pdf#content=query:caiinno,pageNum:93,indexOnPage:0,bestMatch:false"
"Índice nacional de ciencia, tecnología e innovación 2015","Diario de Debates de la Cámara de Diputados","Apéndice V: Continuación del Apéndice IV de la Sesión 35 del 14 de diciembre de 2017","Gubernamental","Público",2017,"https://cronica.diputados.gob.mx/PDF/63/2017/dic/171214-32.pdf"
"Índice nacional de ciencia, tecnología e innovación 2015","María Eloísa Talavera Hernández - Gaceta Parlamentaria de la Cámara de Diputados","Que adiciona el artículo 6o. de la Ley de la Propiedad Industrial, recibida de la diputada María Eloísa Talavera Hernández, del Grupo Parlamentario del PAN, en la sesión de la Comisión Permanente del miércoles 16 de mayo de 2018","Legislativo","Público",2018,"https://gaceta.diputados.gob.mx/PDF/63/2018/may/20180521.pdf"
"Índice nacional de ciencia, tecnología e innovación 2015","Sistema de Información Legislativa de la Secretaría de Gobernación (SIL)","Iniciativa con Proyecto de Decreto por el que se adiciona un inciso g) a la fracción XII del artículo 6o. de la
Ley de la Propiedad Industrial","Legislativo","Público",2018,"https://sil.gobernacion.gob.mx/Archivos/Documentos/2018/05/asun_3713788_20180516_1525809885.pdf"
"Índice nacional de ciencia, tecnología e innovación 2015","Teresita Elisa Ruiz Pantoja","La movilidad cotidiana dentro de la zona metropolitana del Valle de México: Cómo, a dónde y a qué hora","Privado","Privado",2018,"https://maroconsultoriaycapacitacion.wordpress.com/category/demografia/"
"Índice nacional de ciencia, tecnología e innovación 2015","Elizabeth Hernández Mesa, Humberto Banda Ortiz y Martha July Mora Haro - Repositorio de la Red Internacional de Investigadores en Competitividad","Aproximación teórica de los indicadores que permitan evaluar el impacto social de la ciencia y la tecnología en el sector automotriz en Querétaro","Académico","Privado",2018,"https://www.riico.net/index.php/riico/article/view/1476/1137"
"Índice nacional de ciencia, tecnología e innovación 2015","María Eloísa Talavera Hernández - Comisión de Economía de la Cámara de Diputados","Iniciativa con Proyecto de Decreto por el que se adiciona un inciso g) a la fracción XII del artículo 6o. de la Ley de la Propiedad Industrial","Legislativo","Público",2018,"https://www.senado.gob.mx/66/gaceta_del_senado/documento/80999"
"Índice nacional de ciencia, tecnología e innovación 2015","Elia Martínez y Guillermo de la Torre Gea- International Journal of Trend in Scientific Research and Development (IJTSRD)","Analysis of the ICT user Profile for e-goverment through Bayesian Networks","Académico","Privado",2018,"https://www.google.com/url?sa=t&source=web&rct=j&opi=89978449&url=https://zenodo.org/record/3572137/files/18%2520Analysis%2520of%2520the%2520ICT%2520User%2520Profile%2520for%2520eGoverment%2520through%2520Bayesian%2520Networks.pdf%3Fdownload%3D1&ved=2ahUKEwjC0_PR8sSOAxURI0QIHe3xCLI4UBAWegQIExAB&usg=AOvVaw0QJ32VpsJuuZsjXNSbsIxA"
"Índice nacional de ciencia, tecnología e innovación 2015","Gobierno del Estado de Jalisco","Jalisco a futuro 2018-2030","Gubernamental","Público",2018,"https://www.researchgate.net/profile/Patricia-Vargas-Becerra/publication/389369669_Jalisco_a_futuro_2018-2030_Construyendo_el_porvenir_Vol_I_Diagnosticos/links/685975c193040b17338cb8de/Jalisco-a-futuro-2018-2030-Construyendo-el-porvenir-Vol-I-Diagnosticos.pdf#page=284"
"Índice nacional de ciencia, tecnología e innovación 2015","Consejo Nacional de Ciencia y Tecnología (CONACYT)","Diagnóstico y Diseño del Programa Presupuestario S278, “Fomento Regional de las Capacidades Científicas, Tecnológicas y de Innovación”","Gubernamental","Público",2018,"https://secihti.mx/wp-content/uploads/planeacion_y_evaluacion/evaluacion_programas_conacyt/Diseno/2_Diagnstico_y_Diseo_del_Pp_S278__vprel_7mar18.pdf"
"Índice nacional de ciencia, tecnología e innovación 2015","Gobierno del Estado de Colima","La Agenda Digital Colima “Impulsando la Inclusión y el Desarrollo de la Sociedad”","Gubernamental","Público",2018,"https://admiweb.col.gob.mx/archivos_prensa/banco_img/file_5bfecd1c03dbe_AgendaDigitalColima.pdf"
"Índice nacional de ciencia, tecnología e innovación 2015","Juan Óscar Ollivier Fierro, Pedro Javier Martínez Ramos e Isidro Domínguez Alcaraz - Investigación Administrativa","Madurez tecnológica e innovación en empresas mexicanas","Académico","Privado",2018,"https://www.redalyc.org/articulo.oa?id=456067615009"
"Índice nacional de ciencia, tecnología e innovación 2015","Consejo Nacional de Ciencia y Tecnología (CONACYT)","Diagnóstico y Diseño del Programa Presupuestario S278, “Fomento Regional de las Capacidades Científicas, Tecnológicas y de Innovación”","Gubernamental","Público",2018,"https://secihti.mx/wp-content/uploads/planeacion_y_evaluacion/evaluacion_programas_conacyt/Diseno/2_Diagnstico_y_Diseo_del_Pp_S278__vprel_7mar18.pdf"
"Índice nacional de ciencia, tecnología e innovación 2015","Cynthia Alejandra Rueda Contreras, Karla Paola Jiménez Almaguer y Joel Mendoza Gómez - Revista de Estudios en Contaduría, Administración e Informática (RECAI)","Efecto del empowerment grupal en la proactividad. Un estudio empírico en equipos de I+D de Universidades Tamaulipecas","Académico","Público",2018,"https://www.redalyc.org/journal/6379/637968306001/637968306001.pdf"
"Índice nacional de ciencia, tecnología e innovación 2015","María Esther Olán Izquierdo - Tecnológico Nacional de México","Análisis de la productividad de las empresas dedicadas al manejo integral de residuos del municipio del centro del Estado de Tabasco para una propuesta de desarrollo","Académico","Privado",2018,"https://rinacional.tecnm.mx/bitstream/TecNM/3150/1/TESIS.%20MARIA%20ESTHER%20OLAN%20IZQUIERDO.pdf"
"Índice nacional de ciencia, tecnología e innovación 2015","Carolina Olvera Castillo - Capítulo del libro Género, ciencia y tecnología en las políticas públicas mexicanas","San Luis Potosí: De los rebozos a la industria automotriz","Académico","Público",2018,"https://www.academia.edu/41900462/San_Luis_Potos%C3%AD_De_los_rebozos_a_la_industria_automotriz"
"Índice nacional de ciencia, tecnología e innovación 2015","Milagros Cano Flores, Oscar González Muñoz y Verónica Velázquez Romero - Red Iberoamericana de Academias de Investigación (Red IBAI)","Reflexiones sobre desarrollo empresarial","Privado","Privado",2018,"https://redibai-myd.org/portal/wp-content/uploads/2019/03/reflexiones-sobre-desarrollo-empresarial-17-3.pdf"
"Índice nacional de ciencia, tecnología e innovación 2015","Daniel Ulices Peralta, Jorge Marcial Rodríguez Saldaña y Cinthya Citlali Díaz Fuentes - Universidad Autónoma de Guerrero","La reforma político-electoral de 2014 y su vinculación con el derecho humano al acceso a la ciencia, tecnología e innovación en México","Académico","Privado",2018,"https://www.google.com/url?sa=t&source=web&rct=j&opi=89978449&url=https://edulab.es/revSOCIAL/article/download/1985/1242/6902&ved=2ahUKEwiMpa731taOAxX9le4BHcagDss4ChAWegQIJRAB&usg=AOvVaw1VKN8RV-312LmsCQm2wH3o"
"Índice nacional de ciencia, tecnología e innovación 2015","Instituto Nacional de Astrofísica, Óptica y Electrónica Puebla (IANOEP)","Agenda de prioridades en educación superior, ciencia, tecnología e innovación para el estado de Puebla","Gubernamental","Público",2018,"https://www.inaoep.mx/archivos/marconormativo/AgendaPrioridadesPuebla2018.pdf"
"Índice nacional de ciencia, tecnología e innovación 2015","Daniel Eduardo Paz Perez - Instituto Tecnológico Superior de El Mante","Tamaulipas en la I+D+I, una experiencia regional","Académico","Público",2018,"https://www.academia.edu/40941942/Tamaulipas_en_la_I_D_i_una_experiencia_regional"
"Índice nacional de ciencia, tecnología e innovación 2015","Facultad de Ingeniería Eléctrica y Electrónica - Universidad Veracruzana","Plan de Desarrollo de las Entidades Académicas PLADEA 2017-2021","Académico","Privado",2018,"https://www.uv.mx/planeacioninstitucional/files/2019/07/PLADEA_Fac_Ing-Elect_Elect_Ver-R.pdf"
"Índice nacional de ciencia, tecnología e innovación 2015","Consejo Nacional de Ciencia y Tecnología (CONACYT), Fondos Mixtos (FOMIX) e Hidalgo crece contigo","Fortalecimiento de infraestructura científica y tecnológica en telecomunicaciones","Gubernamental","Público",2018,"https://secihti.mx/wp-content/uploads/convocatorias/fondos_mixtos/hidalgo/2018-03_fomix/FOMIX_HIDALGO_DEMANDA%20ESPECÍFICA_2018-03.pdf"
"Índice nacional de ciencia, tecnología e innovación 2015","Facultad de medicina - Benemérita Universidad Autónoma de Puebla (BUAP)","Programa Académico de: Especialidad En Medicina Del Trabajo Y Ambiental","Académico","Público",2019,"https://mederi.buap.mx/portal/public/posgrado/Programas_academicos_especialidades/MEDICINA_DEL_TRABAJO_Y_AMBIENTAL_2019.pdf"
"Índice nacional de ciencia, tecnología e innovación 2015","Gobierno del Estado de Veracruz","Plan Veracruzano de Desarrollo 2019 - 2024","Gubernamental","Público",2019,"https://www.segobver.gob.mx/siptransparencia/adjuntos/20190702151156-1128574316.pdf"
"Índice nacional de ciencia, tecnología e innovación 2015","Gobierno del Estado de Veracruz","Plan Veracruzano de Desarrollo 2019 - 2024","Gubernamental","Público",2019,"https://es.scribd.com/document/413676005/PVD-2019-2024#content=query:caiinno,pageNum:274,indexOnPage:1,bestMatch:false"
"Índice nacional de ciencia, tecnología e innovación 2015","Comisión de Selección del Comité de Participación Ciudadana del Sistema Estatal Anticorrupción
Presente (Sonora)","Exposición de Motivos","Gubernamental","Público",2019,"http://intranet.congresoson.gob.mx:82/Publico/Documento/21369"
"Índice nacional de ciencia, tecnología e innovación 2015","Eugenio Herrera Nuño - Lider Empresarial","¿Qué tanto están innovando en Aguascalientes? El apunte","Privado","Privado",2019,"https://www.liderempresarial.com/que-tanto-esta-innovando-aguascalientes-el-apunte/"
"Índice nacional de ciencia, tecnología e innovación 2015","Olivia Leyva Muñoz, Juan Russo, Edilberto Gallardo Valente - EÓN Sociales","Los jóvenes, ¿un mundo aparte?
Educación, desempleo
y violencia en el México
contemporáneo","Académico","Privado",2019,"https://www.google.com/url?sa=t&source=web&rct=j&opi=89978449&url=https://www.academia.edu/40692979/LOS_J%25C3%2593VENES_UN_MUNDO_APARTE&ved=2ahUKEwjjqOnP9OeOAxWUnGoFHVUfEJM4ChAWegQIHRAB&usg=AOvVaw1Ur9VJ9JadxntXE37KiTWO"
"Índice nacional de ciencia, tecnología e innovación 2015","Gobierno del Estado de Tabasco","Plan estatal de Desarrollo 2019 - 2024","Gubernamental","Público",2019,"https://tabasco.gob.mx/sites/default/files/users/userspftabasco/PLED-2019-2024-Decreto-101-2019.pdf"
"Índice nacional de ciencia, tecnología e innovación 2015","InterNaciones","InterNaciones Año 6 Número 17","Privado","Privado",2019,"DOI: 10.32870/in.v0i17"
"Índice nacional de ciencia, tecnología e innovación 2015","Gobierno del de Morelos","Plan Estatal de Desarrollo 2019 - 2024.","Gubernamental","Público",2019,"https://periodico.morelos.gob.mx/periodicos/2019/5697_2A.pdf"
"Índice nacional de ciencia, tecnología e innovación 2015","Gobierno del de Morelos","Plan Estatal de Desarrollo 2019 - 2024.","Gubernamental","Público",2019,"https://transparenciamorelos.mx/sites/default/files/plan_estatal_de_desarrollo_2019-2024_opt_0.pdf"
"Índice nacional de ciencia, tecnología e innovación 2015","Gobierno del estado de Colima","La Agenda Digital Colima “Impulsando la Inclusión y el Desarrollo de la Sociedad”","Gubernamental","Público",2019,"https://periodicooficial.col.gob.mx/p/02112019/sup06/619110201.pdf"
"Índice nacional de ciencia, tecnología e innovación 2015","Gobiereno del Estado de Tabasco","Informe de la Gestión Gubernamental 2019: Consideraciones Previas","Gubernamental","Público",2019,"https://publicacionperiodico.tabasco.gob.mx/documento/1369/firmado_qr.pdf"
"Índice nacional de ciencia, tecnología e innovación 2015","Estefany Daniela Rodríguez","La cooperación tecnológica entre start-ups de Israel y Jalisco para el fortalecimiento de la innovación y el desarrollo local del estado","Académico","Privado",2019,"https://internaciones.cucsh.udg.mx/index.php/inter/article/view/7124"
"Índice nacional de ciencia, tecnología e innovación 2015","Consejo Estatal de Ciencia y
Tecnología de Jalisco","Reglas de Operación del Programa
Apoyo a la Ciencia, Tecnología e
Innovación 2019","Gubernamental","Público",2019,"https://www.coecytjal.org.mx/Plataforma/ArchivosApoyo/ROP%20-%20COECYTJAL_2019%20CON%20ANEXOS.pdf"
"Índice nacional de ciencia, tecnología e innovación 2015","Gobierno del Estado de Jalisco","Plan Estatal de Gobernanza y Desarrollo de Jalisco 2018 - 2024","Gubernamental","Público",2019,"https://uniondetula.gob.mx/filetransparencia/Articulo_8/Fraccion_III/c/Plan%20Estatal%20de%20Gobernanza%20y%20Desarrollo%20de%20Jalisco%20-%202018-2024%20Anexo%202.pdf"
"Índice nacional de ciencia, tecnología e innovación 2015","Gobierno del Estado de Jalisco","Plan Estatal de Gobernanza y Desarrollo de Jalisco 2018 - 2024","Gubernamental","Público",2019,"https://plan.jalisco.gob.mx/wp-content/uploads/2022/08/Diagnostico.pdf"
"Índice nacional de ciencia, tecnología e innovación 2015","Gobierno del Estado de Jalisco","Plan Estatal de Gobernanza y Desarrollo de Jalisco 2018 - 2024","Gubernamental","Público",2019,"https://transparencia.info.jalisco.gob.mx/sites/default/files/PEGyD_0.pdf"
"Índice nacional de ciencia, tecnología e innovación 2015","Gobierno del Estado de Morelos","Plan estatal de Desarrollo 2019 - 2024","Gubernamental","Público",2019,"https://transparenciamorelos.mx/sites/default/files/plan_estatal_de_desarrollo_2019-2024_0.pdf"
"Índice nacional de ciencia, tecnología e innovación 2015","Gobierno del Estado de Zacatecas","Plan Municipal de Desarrollo 2019-2021","Gubernamental","Público",2019,"https://gaceta.capitaldezacatecas.gob.mx/wp-content/uploads/2019/01/PMD-2019-2021.pdf"
"Índice nacional de ciencia, tecnología e innovación 2015","Adrián Augusto López Hernández","Proyecto Rescatemos Tabasco 2019 - 2024 Juntos Haremos Historia","Gubernamental","Público",2019,"https://uiet.edu.mx/docs/pdi/2019/MaterialPI/DiversasConsultas/3ProyectoGobierno2019_2024Cam.pdf"
"Índice nacional de ciencia, tecnología e innovación 2015","Consejo Estatal de Ciencia y Tecnología de Jalisco","Reglas de Operación del Programa Apoyo a la Ciencia, Tecnología e Innovación 2019","Gubernamental","Público",2019,"https://www.coecytjal.org.mx/Plataforma/ArchivosApoyo/ROP%20-%20COECYTJAL_2019%20CON%20ANEXOS.pdf"
"Índice nacional de ciencia, tecnología e innovación 2015","María Teresa Prieto Quezada, Tanya Méndez Luévano y Esperanza Bosch Fiol","Violencia de género de lo social a espacios universitarios","Académico","Privado",2020,"https://www.researchgate.net/profile/Tanya-Mendez-Luevano-2/publication/344304443_Violencia_de_genero-2/links/5f6506ec458515b7cf3eb972/Violencia-de-genero-2.pdf"
"Índice nacional de ciencia, tecnología e innovación 2015","Gobierno del Estado de Veracruz","Agenda 2030 Veracruz: Ruta de Implementación","Gubernamental","Público",2020,"https://repositorio.veracruz.gob.mx/wp-content/uploads/sites/4/files/agenda2030/A2030_RUTA_DE_IMPLEMENTACION_FINAL.pdf"
"Índice nacional de ciencia, tecnología e innovación 2015","Juan Óscar Ollivier Fierro, Pedro Javier Martínez Ramos e Isidro Domínguez Alcaraz","Madurez tecnológica e innovación en empresas mexicanas","Académico","Privado",2020,"https://www.scielo.org.mx/pdf/ia/v50n128/2448-7678-ia-50-128-00009.pdf"
"Índice nacional de ciencia, tecnología e innovación 2015","Antonio de Jesús Madriz Estrada","Iniciativa que Reforma el Artículo 4 de la Ley de Ciencia, Tecnología e Innovación del Estado de Michoacán","Legislativo","Público",2020,"http://congresomich.gob.mx/file/INICIATIVA-CON-PROYECTO-DE-DECRETO-DIP.-ANTONIO-DE-JESÚS-MADRIZ.pdf"
"Índice nacional de ciencia, tecnología e innovación 2015","Honorable Congreso del
Estado Libre y Soberano de
Michoacán de Ocampo","Iniciativa con Proyecto de Decreto
mediante el cual se reforma el
artículo 4° de la Ley de Ciencia,
Tecnología e Innovación del
Estado de Michoacán de Ocampo,
presentada por el diputado Antonio
de Jesús Madriz Estrada, integrante
del Grupo Parlamentario del
Partido Morena","Legislativo","Público",2020,"http://congresomich.gob.mx/file/Sesión-092-III-C-01-07-2020.pdf"
"Índice nacional de ciencia, tecnología e innovación 2015","Juan Pablo Durand Villalobos, Karla Valencia González Romero, José Raúl Rodríguez Jiménez","La internacionalización de la Universidad de Sonora","Académico","Privado",2021,"https://www.academia.edu/118654801/La_internacionalizacio_n_de_la_Universidad_de_Sonora"
"Índice nacional de ciencia, tecnología e innovación 2015","María de Lourdes Ampudia Rueda, Julieta Flores Amador, Myrna Limas Hernández y Javier Martínez Romero - Universidad Autónoma de Ciudad Juárez","Políticas públicas de innovación tecnológica, impactos y retos para el
desarrollo local dentro del contexto de los sistemas de innovación
regional: Estudio de caso Ciudad Juárez, México","Académico","Público",2021,"https://cathi.uacj.mx/bitstream/handle/20.500.11961/21904/Reporte%20Tecnico_Final%20%20SIRED%20AMPUDIA-FLORES-LIMAS-MARTINEZ%20%2024-11-2021.pdf?sequence=1&isAllowed=y"
"Índice nacional de ciencia, tecnología e innovación 2015","Juan Pablo Durand Villalobos, Karla Valencia González Romero, José Raúl Rodríguez Jiménez","La internacionalización de la Universidad de Sonora","Académico","Privado",2021,"https://www.publicacionesupec.org/index.php/carchi/catalog/download/39/38/164?inline=1"
"Índice nacional de ciencia, tecnología e innovación 2015","Salvador Bautista Maldonado, Gina del Pilar Pacheco Balam, Zenaida Rodríguez Córdova y Rosa Adriana May Meléndez","Capítulo 4. Estado del conocimiento de las investigaciones sobre la enseñanza y el aprendizaje de lenguas extranjeras en Campeche (2012-2021)","Académico","Privado",2021,"https://d1wqtxts1xzle7.cloudfront.net/98581820/Ramirez_Romero_et_al_2022_Investigaciones_EA_LE_en_Mx_2012_2021-libre.pdf?1676238184=&response-content-disposition=inline%3B+filename%3DLas_investigaciones_sobre_la_ensenanza_y.pdf&Expires=1754436631&Signature=LvIBsAgjAxyoc5wOicOGq78k-FLwEnEbgXzVOP2mWP-3jdCtagXfFTi59HOphW8RUA25~ZT-c5Qxxxt65vtHPsEni798C~8ejxNDvJr5gZR7wDf44PlwvVeKpuv8VcUTVU6EZyG89ACXLH~vlTFCz6vq1bM3NMvV4posNgqD7qGzud0SGEno2TyP088jY1KLXVHWD4TcOAfvn5KGhLdpVfmVSDZ98MNkSmXnRbq-ZEc3Y4GE4ZFiCfqbkmzd7t9qfqbVUOwm6Wy23pdHyyua5qhko7zLC02p~z~y7JOnw0A12X6m~cjwWLZisf5OGj4M7CM8lgni2Srqqxg56JXxig__&Key-Pair-Id=APKAJLOHF5GGSLRBV4ZA#page=87"
"Índice nacional de ciencia, tecnología e innovación 2015","Salvador Bautista Maldonado, Gina del Pilar Pacheco Balam, Zenaida Rodríguez Córdova y Rosa Adriana May Meléndez","Capítulo 4. Estado del conocimiento de las investigaciones sobre la enseñanza y el aprendizaje de lenguas extranjeras en Campeche (2012-2021)","Académico","Privado",2021,"https://comunicacion-cientifica.com/wp-content/uploads/2023/01/073.-PDF09-Las-investigaciones-sobre-la-nseñanza.pdf"
"Índice nacional de ciencia, tecnología e innovación 2015","Juan Óscar Ollivier Fierro, Pedro Javier Martínez Ramos, Isidro Domínguez Alcaraz","Madurez tecnológica e innovación en empresas mexicanas","Académico","Privado",2021,"https://www.semanticscholar.org/paper/Madurez-tecnológica-e-innovación-en-empresas-Fierro-Ramos/dbb4fbb014ab8f3c50214cd1d5d2f5f4e0442a95#cited-papers"
"Índice nacional de ciencia, tecnología e innovación 2015","Tecnológico Nacional de México; Instituto Tecnológico de San Juan Río","Plan de Desarrollo del Departamento de Sistemas y Computación 2021 - 2024","Gubernamental","Privado",2021,"https://es.scribd.com/document/743597890/Plan-de-Desarrollo-ISC-ITIC-2021-2024-1"
"Índice nacional de ciencia, tecnología e innovación 2015","Universidad Autónoma del Estado de Morelos (UAEM)","Plan de Estudios Maestría en Biotecnología","Académico","Público",2022,"https://www.uaem.mx/sites/default/files/pe-maestri-a-en-biotecnologi-a-aprobado-sellado-scu-24062022-1pdfUOTdW6E0Fe.pdf"
"Índice nacional de ciencia, tecnología e innovación 2015","Diana Concepción Álvarez, Luz María Hernández Cruz, Heribé Felipe Uribe Santiago y Martina Díaz Rosado","Estructura organizacional de las empresas desarrolladoras de software radicadas en
la Ciudad de San Francisco de Campeche","Privado","Privado",2022,"https://doi.org/10.35429/jct.2022.17.6.1.10"
"Índice nacional de ciencia, tecnología e innovación 2015","Josué Vergara Alarcón","CityOS: Un ecosistema digital interconectado","Académico","Privado",2022,"https://www.google.com/url?sa=t&source=web&rct=j&opi=89978449&url=https://ru.dgb.unam.mx/jspui/bitstream/20.500.14330/TES01000832218/3/0832218.pdf&ved=2ahUKEwjJktb709aOAxW1mWoFHXZLDII4ChAWegQIHhAB&usg=AOvVaw0U3FEJv0yKoSC843GiXFoT"
"Índice nacional de ciencia, tecnología e innovación 2015","Universidad Autónoma de Baja California","Propuesta de creación que presenta la Facultad de
Pedagogía e Innovación Educativa, Mexicali","Académico","Privado",2022,"https://sriagral.uabc.mx/secretaria_general/consejo/202112/07.pdf"
"Índice nacional de ciencia, tecnología e innovación 2015","Gobierno Municipal Benito Juárez, Veracruz","Plan Municipal de Desarrollo 2022 - 2025","Gubernamental","Público",2022,"https://www.benitojuarez.gob.mx/images/TRANSPARENCIA2225/NORMATIVIDADMUNICIPAL/PMD2022.pdf"
"Índice nacional de ciencia, tecnología e innovación 2015","Diana Concepción Mex-Álvarez, Luz María Hernández Cruz, Heribé Felipe Uribe Santiago y. Martina Díaz Rosado - Journal Computer Technology","Organizational structure of software development companies located in the city of
San Francisco de Campeche","Privado","Privado",2022,"https://www.ecorfan.org/spain/researchjournals/Tecnologia_Informatica/vol6num17/Journal_Computer_Technology_V6_N17.pdf"
"Índice nacional de ciencia, tecnología e innovación 2015","Diana Concepción Mex-Álvarez, Luz María Hernández Cruz, Heribé Felipe Uribe Santiago y. Martina Díaz Rosado - Journal Computer Technology","Organizational structure of software development companies located in the city of
San Francisco de Campeche","Privado","Privado",2022,"https://scispace.com/pdf/organizational-structure-of-software-development-companies-1fuwn5ok.pdf"
"Índice nacional de ciencia, tecnología e innovación 2015","Nallely Alonso Gómez","Desarrollo de la investigación de alto nivel en académicos e investigadores del SNI del área VIII-Ingenierías y desarrollo tecnológico en Chiapas: condiciones y perspectivas desde lo regional","Académico","Público",2022,"https://riuma.uma.es/xmlui/bitstream/handle/10630/26467/TD_ALONSO_GOMEZ_Nallely.pdf?sequence=1&isAllowed=y"
"Índice nacional de ciencia, tecnología e innovación 2015","Carlos Vázquez-Cid de León y Salvador Montesinos González","DESARROLLO DE UN PLAN ESTRATÉGICO PARA LOS CUERPOS ACADÉMICOS DE LA UNIVERSIDAD TECNOLÓGICA DE LA MIXTECA","Académico","Privado",2022,"https://www.researchgate.net/publication/358352811_DESARROLLO_DE_UN_PLAN_ESTRATEGICO_PARA_LOS_CUERPOS_ACADEMICOS_DE_LA_UNIVERSIDAD_TECNOLOGICA_DE_LA_MIXTECA"
"Índice nacional de ciencia, tecnología e innovación 2015","Perla Jazmín González Cruz y Concepción Reyes de la Cruz","Ciencia, Tecnología e Innovación en Tabasco 2012-2022","Académico","Privado",2022,"https://ru.iiec.unam.mx/5858/1/2.%20107-González-Reyes.pdf"
"Índice nacional de ciencia, tecnología e innovación 2015","Emiliano Hernández Valdés, Carolina Martínez Santiago, Juan Pablo Suárez Moreno, Roberto Carlos Torres Velasco y Francisco Guerra Martínez","La población rural en la península de Yucatán: proporción, actividades y
procesos transformadores del espacio geográfico","Académico","Privado",2023,"https://www.paginaspersonales.unam.mx/app/webroot/files/6471/2023-09-30-071515_Articulo_Poblacion_r.pdf"
"Índice nacional de ciencia, tecnología e innovación 2015","María del Camen Gutiérrez-Diez y José Gerardo Reyes López","Sustainability and Development at Northwestern Municipalities in Mexico: Chihuahua Region","Académico","Privado",2023,"https://link.springer.com/rwe/10.1007/978-3-031-16017-2_19"
"Índice nacional de ciencia, tecnología e innovación 2018","Instituto Morelense de Procesos Electorales y Participación ciudadana (IMPEPAC)","Plataforma Electoral Morelos 2018-2024","Gubernamental","Público",2018,"https://impepac.mx/wp-content/uploads/2018/05/Plataforma-Morelos-PAN-perspectiva-de-género.pdf"
"Índice nacional de ciencia, tecnología e innovación 2018","Gobierno del estado de Yucatán","PROGRAMA ESPECIAL: Innovación, conocimiento y tecnología","Gubernamental","Público",2018,"https://www.yucatan.gob.mx/docs/transparencia/ped/PMP/2018-2024/6._PMP_Innovacon.pdf"
"Índice nacional de ciencia, tecnología e innovación 2018","Notitodo","Inauguran Gobierno Municipal y Clúster de Tecnologías el “Living Lab”, 1er laboratorio de innovación ciudadana","Privado","Privado",2018,"https://notitodo.com.mx/wp/inauguran-gobierno-municipal-y-cluster-de-tecnologias-el-living-lab-1er-laboratorio-de-innovacion-ciudadana/"
"Índice nacional de ciencia, tecnología e innovación 2018","Delegación Federal en el Estado de San Luis Potosí","Informe de Actividades 2017 - 2018","Gubernamental","Público",2018,"https://www.gob.mx/cms/uploads/attachment/file/397954/24_San_Luis_Potos__InformeActividades_2017_2018.pdf"
"Índice nacional de ciencia, tecnología e innovación 2018","Gobierno del Estado de Tabasco","Plan Estatal de desarrollo 2019 - 2024 Tabasco","Gubernamental","Público",2019,"https://tabasco.gob.mx/sites/default/files/users/planeacion_spf/PLED%202019-2024.pdf"
"Índice nacional de ciencia, tecnología e innovación 2018","Gobierno del Estado de Tabasco","Plan Estatal de desarrollo 2019 - 2024 Tabasco","Gubernamental","Público",2019,"https://informe.tabasco.gob.mx/pdf/ped_tabasco.pdf"
"Índice nacional de ciencia, tecnología e innovación 2018","Gobierno del Estado de Tabasco","Plan Estatal de desarrollo 2019 - 2024 Tabasco","Gubernamental","Público",2019,"https://congresotabasco.gob.mx/wp/wp-content/uploads/2019/07/CORREOS-MINERVA-SANTOS-CON-OFICIOS_2.pdf"
"Índice nacional de ciencia, tecnología e innovación 2018","Consejo Estatal de Ciencia y Tecnología de Jalisco","Reglas de Operación del Programa Apoyo a la Ciencia, Tecnología e Innovación 2019","Gubernamental","Público",2019,"https://www.coecytjal.org.mx/Plataforma/ArchivosApoyo/ROP%20-%20COECYTJAL_2019%20CON%20ANEXOS.pdf"
"Índice nacional de ciencia, tecnología e innovación 2018","Red de Conocimiento Consejo Nuevo León - Publicación Anual 2019","Hacia una visión policéntrica para la zona metropolitana de Monterrey","Gubernamental","Público",2019,"https://d1wqtxts1xzle7.cloudfront.net/76578908/publicacion_2019-libre.pdf?1639702138=&response-content-disposition=inline%3B+filename%3D4_Promocion_de_la_ciudadania_a_traves_de.pdf&Expires=1754452883&Signature=DeQk9WKKRpURWxzPxJiIdfQxv6yFYoAGIguXglot5ufU8DSqfiFkENK3kbvE0hAQo-GcTnS7UsUuCemDCE~3RW6fVt6AFg28yHakfgmQwVJosEJmfR6DcPq6XJEEOrY005bhEuwBHocy1aHiF6tT5s4v1CiWqvoIDYa3o8k7IdLaloY~ae~glX3mL7CPNoQygfXV4lD50M0BjGhC0TN9LagGwJz1ZIjq1Ys0TadBOifzJrgwDaGLztOPuQv0~rhuy~p0kCeqeWrjhtZqzIHFwO4K7NwU9LD2cGRJ~PS9UFcu5SgkzkKYpespheBJxcepAReBmDEMtgNla4KTVPTaYg__&Key-Pair-Id=APKAJLOHF5GGSLRBV4ZA#page=87"
"Índice nacional de ciencia, tecnología e innovación 2018","Gobierno del Estado de Jalisco","Plan Estatal de Gobernanza y Desarrollo de Jalisco 2018 - 2024","Gubernamental","Público",2019,"https://uniondetula.gob.mx/filetransparencia/Articulo_8/Fraccion_III/c/Plan%20Estatal%20de%20Gobernanza%20y%20Desarrollo%20de%20Jalisco%20-%202018-2024%20Anexo%202.pdf"
"Índice nacional de ciencia, tecnología e innovación 2018","Gobierno del Estado de Jalisco","Plan Estatal de Gobernanza y Desarrollo de Jalisco 2018 - 2024","Gubernamental","Público",2019,"https://transparencia.info.jalisco.gob.mx/sites/default/files/PEGyD_0.pdf"
"Índice nacional de ciencia, tecnología e innovación 2018","Gobierno del Estado de Jalisco","Plan Estatal de Gobernanza y Desarrollo de Jalisco 2018 - 2024","Gubernamental","Público",2019,"https://plan.jalisco.gob.mx/wp-content/uploads/2022/08/Diagnostico.pdf"
"Índice nacional de ciencia, tecnología e innovación 2018","Gobierno del estado de Morelos","Plan Estatal de desarrollo 2019 - 2024 Morelos Actualizado","Gubernamental","Público",2019,"https://www.ssm.gob.mx/portal/descargables/evaluacion/Plan_Estatal_de_Desarrollo_2019-2024-2.pdf"
"Índice nacional de ciencia, tecnología e innovación 2018","Gobierno del estado de Morelos","Plan Estatal de desarrollo 2019 - 2024 Morelos Actualizado","Gubernamental","Público",2019,"https://www.hacienda.morelos.gob.mx/images/docu_planeacion/planea_estrategica/ped/Plan_Estatal_de_Desarrollo_2019-2024-2.pdf"
"Índice nacional de ciencia, tecnología e innovación 2018","Gobierno del estado de Morelos","Plan Estatal de desarrollo 2019 - 2024 Morelos","Gubernamental","Público",2019,"https://transparenciamorelos.mx/sites/default/files/plan_estatal_de_desarrollo_2019-2024_opt_0.pdf"
"Índice nacional de ciencia, tecnología e innovación 2018","Agenda Hidalguense","Ley para introducir  la perspectiva de género en la política estatal en materia de ciencia, tecnología e innovación: Julio Valera","Privado","Privado",2019,"https://agendahidalguense.com/2019/06/ley-para-introducir-la-perspectiva-de-genero-en-la-politica-estatal-en-materia-de-ciencia-tecnologia-e-innovacion-julio-valera/"
"Índice nacional de ciencia, tecnología e innovación 2018","Gobierno del estado de Yucatán","Plan Estatal de Desarrollo de Yucatán 2018 - 2024","Gubernamental","Público",2019,"https://dif.yucatan.gob.mx/Archivos/NORMATIVO/128.pdf"
"Índice nacional de ciencia, tecnología e innovación 2018","Gobierno del estado de Chiapas","Programa institucional del Instituto de Ciencia, Tecnología e Innovación 2019-2024","Gubernamental","Público",2019,"https://icti.chiapas.gob.mx/media/marco-juridico/2022/programa institucional icti.pdf"
"Índice nacional de ciencia, tecnología e innovación 2018","Consejo Estatal de Ciencia y Tecnología de Jalisco","Reglas de Operación del Programa Apoyo a la Ciencia, Tecnología e Innovación 2019","Gubernamental","Público",2019,"https://www.coecytjal.org.mx/Plataforma/ArchivosApoyo/ROP%20-%20COECYTJAL_2019%20CON%20ANEXOS.pdf"
"Índice nacional de ciencia, tecnología e innovación 2018","Quadratin Hidalgo","Presentan Ley para introducir perspectiva de género en política estatal","Privado","Privado",2019,"https://hidalgo.quadratin.com.mx/politica/presentan-ley-para-introducir-perspectiva-de-genero-en-politica-estatal/"
"Índice nacional de ciencia, tecnología e innovación 2018","Consejo de Ciencia y Tecnología del Estado de Morelos (CCYTEM)","Programa especial de ciencia y tecnología del estado de Morelos 2019-2024","Gubernamental","Público",2019,"https://mir.morelos.gob.mx/records/7C6F482C23784D9AA7544C176763D14D.pdf"
"Índice nacional de ciencia, tecnología e innovación 2018","Héctor Rodríguez Ramírez, Mónica Guadalupe Chávez Elorza y Jesús Rubio Campos - Consejo Nuevo León","Prevención de la violencia social entre la juventud en Monterrey desde su propia óptica","Académico","Privado",2019,"https://www.ciespi.org.br/media/files/fcea049a8ec4d511ecbe6e5141d3afd01c/f0dae083bcf5911ed976d71393b4c16ff/promocion-de-la-ciudadania-a-traves-de-la-participacion-infantil.pdf"
"Índice nacional de ciencia, tecnología e innovación 2018","Gobierno del Estado de Puebla","Plan Estatal de Desarrollo Puebla, Estabilidad con Rumbo","Gubernamental","Público",2019,"https://ojp.puebla.gob.mx/media/k2/attachments/Plan_Estatal_de_Desarrollo_Puebla_Estabilidad_con_Rumbo_24042019.pdf"
"Índice nacional de ciencia, tecnología e innovación 2018","Gobierno del Estado de Jalisco","Plan Sectorial de Desarrollo Económico de Jalisco","Gubernamental","Público",2019,"https://plan.jalisco.gob.mx/wp-content/uploads/2022/09/Desarrollo-economico-plan-sectorial.pdf"
"Índice nacional de ciencia, tecnología e innovación 2018","Consejo de Ciencia y Tecnología del Estado de Morelos (CCYTEM)","Actualización del Programa Especial de Ciencia y Tecnología del Estado de Morelos 2019–2024","Gubernamental","Público",2019,"https://mir.morelos.gob.mx/records/7C6F482C23784D9AA7544C176763D14D.pdf"
"Índice nacional de ciencia, tecnología e innovación 2018","Poder Legislativo del Estado de Campeche","Octava Sesión, Gaceta Parlamentaria Número 099","Legislativo","Público",2019,"https://www.congresocam.gob.mx/wp-content/uploads/adjuntos_sitio/SG/LXIII/GACETAS/SEGUNDO_ANO_LEGISLATIVO/001_PRIMER_PERIODO_ORDINARIO/099_GACETA_29OCTUBRE2019.pdf"
"Índice nacional de ciencia, tecnología e innovación 2018","Eugenio Herrera Nuño - La Jornada Aguascalientes","Prioridades para Aguascalientes en materia de innovación (CAIINNO 2018)","Privado","Privado",2019,"https://www.lja.mx/2019/04/prioridades-para-aguascalientes-en-materia-de-innovacion-caiinno-2018-el-apunte/"
"Índice nacional de ciencia, tecnología e innovación 2018","Jorge Hernandez Rios","Zacatecas, en el lugar 28 a nivel nacional en Ciencia, Tecnología e Innovación","Privado","Privado",2019,"https://www.clubensayos.com/Tecnología/Zacatecas-en-el-lugar-28-a-nivel-nacional/4635973.html"
"Índice nacional de ciencia, tecnología e innovación 2018","Gina Andrade Baena - Movimiento STEM","Mapa de Indicadores de STEM en México","Académico","Privado",2019,"https://www.movimientostem.org/wp-content/uploads/2023/01/Mapa-Indicadores-STEM-Mexico_EtapaAnalisis_2022.pdf"
"Índice nacional de ciencia, tecnología e innovación 2018","Gobierno de Campeche","Cuarto Informe de Gobierno","Gubernamental","Público",2019,"https://transparenciafiscal.campeche.gob.mx/images/Documentos/Bloque%204/Informes%20de%20Gobierno/4informe-gobierno(1).pdf"
"Índice nacional de ciencia, tecnología e innovación 2018","Gobierno del Estado de Jalisco","PlanEstatal de Gobernanza y Desarrollo de Jalisco","Gubernamental","Público",2019,"https://elsalto.gob.mx/portal-api/public/transparencia/docs/1616098132699.pdf"
"Índice nacional de ciencia, tecnología e innovación 2018","Consejo Nacional de Ciencia y Tecnología (CONACYT), Rednacecyt y Foro Consultivo Cientícifo y Tecnológico, AC","Foros Estatales de Consulta 2019       Humanidades, Ciencia y Tecnología: Presente y Futuro","Gubernamental","Público",2019,"https://foroconsultivo.org.mx/FCCyT/documentos/Foros_Estatales_2019_Vol1.pdf"
"Índice nacional de ciencia, tecnología e innovación 2018","Eugenio Herrera Nuño - Lider Empresarial","¿Qué tanto están innovando en Aguascalientes? El apunte","Privado","Privado",2019,"https://www.liderempresarial.com/que-tanto-esta-innovando-aguascalientes-el-apunte/"
"Índice nacional de ciencia, tecnología e innovación 2018","Gobiereno del Estado de Tabasco","Informe de la Gestión Gubernamental 2019","Gubernamental","Público",2019,"https://publicacionperiodico.tabasco.gob.mx/documento/1369/firmado_qr.pdf"
"Índice nacional de ciencia, tecnología e innovación 2018","Gobierno del estado de Chiapas","Plan Estatal de Desarrollo Chiapas 2019 - 2024","Gubernamental","Público",2019,"https://www.haciendachiapas.gob.mx/planeacion/Informacion/PED/PED-2019.pdf"
"Índice nacional de ciencia, tecnología e innovación 2018","Gobierno del Estado de Jalisco","Plan Institucional de Secretaría de Innovación, Ciencia y Tecnología","Gubernamental","Público",2019,"https://apiperiodico.jalisco.gob.mx/api/sites/periodicooficial.jalisco.gob.mx/files/10-19-19-v.pdf"
"Índice nacional de ciencia, tecnología e innovación 2018","Ayuntamiento Constitucional del Municipio de Aguascalientes","Plan de Desarrollo Municipal 2019 - 2021 Aguascalientes","Gubernamental","Público",2019,"https://www.evaluando.gob.mx/assets/pdm2019-2021.pdf"
"Índice nacional de ciencia, tecnología e innovación 2018","Ayuntamiento Constitucional del Municipio de Aguascalientes","Plan de Desarrollo Municipal 2019 - 2021 Aguascalientes","Gubernamental","Público",2019,"https://eservicios2.aguascalientes.gob.mx/NormatecaAdministrador/archivos/MUN-12-22.pdf"
"Índice nacional de ciencia, tecnología e innovación 2018","Ayuntamiento Constitucional del Municipio de Aguascalientes","Plan de Desarrollo Municipal 2019 - 2021 Aguascalientes","Gubernamental","Público",2019,"https://www.implanags.gob.mx/maqueta_ags_implan/files/programas/PMDUOT/2024/PMDUOT%202045%20EV1_PERIODICO%20OFICIAL.pdf"
"Índice nacional de ciencia, tecnología e innovación 2018","Gobierno del estado de Chiapas","Evaluación del Plan Estatal de Desarrollo Chiapas 2019 - 2024 y programas sectoriales","Gubernamental","Público",2020,"https://saludchiapas.gob.mx/storage/app/uploads/public/613/aa1/551/613aa155197df415451735.pdf"
"Índice nacional de ciencia, tecnología e innovación 2018","Congreso del Estado de Tamaulipas","Visión Estenográfica de la sesión pública orfinaria, celebrada el día 15 de diciembre del 2020","Legislativo","Público",2020,"https://www.congresotamaulipas.gob.mx/Parlamentario/Archivos/VersionesEstenograficas/71%20SESION%20PUBLICA%20ORDINARIA%2015%20DICIEMBRE%202020%20FINAL-.pdf"
"Índice nacional de ciencia, tecnología e innovación 2018","Gobierno del Estado de Tamaulipas","Iniciativa con proyecto de decreto por el que se reforman y adicionan diversas disposiciones de la Ley de Fomento a la Investigación Cienctífica y Tecnológica en el Estado de Tamaulipas","Legislativo","Público",2020,"https://www.congresotamaulipas.gob.mx/Parlamentario/Archivos/Iniciativas/Iniciativa%201%2015-12-2020.pdf"
"Índice nacional de ciencia, tecnología e innovación 2018","Eduardo Ramos Martínez - Universidad Michoacana de San Nicolás de Hidalgo","Museo Interactivo de Ciencia y Tecnología de la U.M.S.N.H","Académico","Privado",2020,"http://bibliotecavirtual.dgb.umich.mx:8083/xmlui/bitstream/handle/DGB_UMICH/11394/FA-L-2020-1279%20VR.pdf?sequence=1&isAllowed=y"
"Índice nacional de ciencia, tecnología e innovación 2018","Bay Area Council Economic Institute","The Baja California and Nuevo León Industry, Innovation, and Talent Clusters: Growing the California Mexico Binational Economy","Académico","Privado",2020,"https://www.bayareaeconomy.org/files/pdf/BajaCalifandNuevoLeon-InnovationClusters-2020July.pdf"
"Índice nacional de ciencia, tecnología e innovación 2018","Antonio de Jesús Madriz Estrada","Iniciativa que reforma el artículo 4
de la Ley de Ciencia, Tecnología e Innovación del Estado de Michoacán","Legislativo","Público",2020,"http://congresomich.gob.mx/file/INICIATIVA-CON-PROYECTO-DE-DECRETO-DIP.-ANTONIO-DE-JESÚS-MADRIZ.pdf"
"Índice nacional de ciencia, tecnología e innovación 2018","Consejo Estatal de Ciencia y Tecnología de Jalisco","Reglas de Operación 2020 del Programa de Innovación en Jalisco (PROINNJAL 2020)","Gubernamental","Público",2020,"https://www.google.com/url?sa=t&source=web&rct=j&opi=89978449&url=https://misprogramas.jalisco.gob.mx/programas/fichaPrograma/descargarMatrizArchivoDiagnostico/1819&ved=2ahUKEwiDq4vfhviOAxVV4ckDHRc7BUg4KBAWegQIJBAB&usg=AOvVaw322ONI1zuNMt5EEgd6RxmG"
"Índice nacional de ciencia, tecnología e innovación 2018","eQROnomía","Abre “EY” Centro de Ciber-Seguridad Avanzada","Privado","Privado",2020,"https://eqronomia.com/abre-ey-centro-de-ciber-seguridad-avanzada/"
"Índice nacional de ciencia, tecnología e innovación 2018","Paulo Monsiváis - El Sol de Tampico","Cambiarán políticas para fortalecer la investigación y la ciencia en Tamaulipas","Privado","Privado",2020,"https://oem.com.mx/elsoldetampico/local/cambiaran-politicas-para-fortalecer-la-investigacion-y-la-ciencia-en-tamaulipas-23907472"
"Índice nacional de ciencia, tecnología e innovación 2018","Graciela Rojas y Laura Segura","Mexico’s Movimiento STEM and Related Developments in the State of Querétaro","Académico","Privado",2020,"https://link.springer.com/chapter/10.1007/978-3-030-39851-4_12"
"Índice nacional de ciencia, tecnología e innovación 2018","Noticias de Tampico","Presentan Diputados Panistas iniciativa para fortalecer el Plan Estatal de Ciencia y Tecnología","Privado","Privado",2020,"https://noticiasdetampico.mx/presentan-diputados-panistas-iniciativa-para-fortalecer-el-plan-estatal-de-ciencia-y-tecnologia/"
"Índice nacional de ciencia, tecnología e innovación 2018","Universidad Tecnológica de Jalisco","Plan Institucional de Desarrollo 2020 - 2025 Visión 2030","Académico","Público",2020,"https://transparencia.info.jalisco.gob.mx/sites/default/files/PIDE%20UTJ%202020-2025.pdf"
"Índice nacional de ciencia, tecnología e innovación 2018","Juanita del Ángel - En línea Directa","Legisladores panistas presentan iniciativa para fortalecer el Plan Estatal de Ciencia y Tecnología","Privado","Privado",2020,"https://enlineadirecta.info/2020/12/15/legisladores-panistas-presentan-iniciativa-para-fortalecer-el-plan-estatal-de-ciencia-y-tecnologia/"
"Índice nacional de ciencia, tecnología e innovación 2018","Colegio de Economistas del Estado de Veracruz","Plan Estratégico 2020-2021","Académico","Privado",2020,"https://www.colecover.org/archivos/2020/11/PlanEstrategico.pdf"
"Índice nacional de ciencia, tecnología e innovación 2018","Universidad Politécnica de Puebla","Programa Sectorial de Desarrollo 2020 - 2022","Académico","Público",2020,"https://www.upp.edu.mx/normatividad/files/externa/estatal/programas/Programa_Sectorial_de_Educacion_y_Cultura.pdf"
"Índice nacional de ciencia, tecnología e innovación 2018","Nallely Alonso Gómez y José Ignacio Rivas","La ciencia en Chiapas: un reto para los investigadores de las Ingenierías","Académico","Privado",2020,"https://www.researchgate.net/publication/346471856_La_ciencia_en_Chiapas_un_reto_para_los_investigadores_de_las_Ingenierias"
"Índice nacional de ciencia, tecnología e innovación 2018","Isidro Ruiz - El Sol Morelia","Pandemia reta a sistema educativo","Privado","Privado",2020,"https://oem.com.mx/elsoldemorelia/local/pandemia-reta-a-sistema-educativo-18906454?token=-1328669238"
"Índice nacional de ciencia, tecnología e innovación 2018","Jennifer Daza Cantillo, Tatiana Martínez Téllez, Laura Camila Castañeda Liévano - Universidad de La Salle","Plan de internacionalización para la empresa de joyería colombiana Eurojoyas","Internacional","Privado",2020,"https://ciencia.lasalle.edu.co/server/api/core/bitstreams/60eeb22a-a5a9-4e62-a2c7-906cb334c9a2/content"
"Índice nacional de ciencia, tecnología e innovación 2018","Fundación Ideay Bay Area Council Economic Institute","Southern Connection: Innovation Clusters in Mexico
and the Bridge to Silicon Valley","Internacional","Privado",2021,"https://www.fundacionidea.org.mx/storage/IDEA/files/SouthernConnectionMexicoBayAreaJune2021.pdf"
"Índice nacional de ciencia, tecnología e innovación 2018","María de Lourdes Ampudia Rueda, Myrna Limas Hernández, Javier Martínez Romero, Julieta Flores Amador","Políticas públicas de innovación tecnológica, impactos y retos para el desarrollo local dentro del contexto de los sistemas de innovación regional: estudio de caso Ciudad Juárez, México","Académico","Privado",2021,"https://cathi.uacj.mx/bitstream/handle/20.500.11961/18421/2do%20REPORTE%20TECNICO%20PARCIAL%20%20PY%20INNOVACION-%20AMPUDIA-LIMAS-%20FLORES%20-MARTINEZ%2012-2020.pdf?sequence=1&isAllowed=y"
"Índice nacional de ciencia, tecnología e innovación 2018","Martín Catalán Lerma - La Jornada Zacatecas","Plan Estatal de Desarrollo se enfocará en atender estancamiento económico e industrialización incipiente","Privado","Privado",2021,"https://ljz.mx/17/11/2021/el-plan-estatal-de-desarrollo-se-enfocara-en-atender-estancamiento-economico-e-industrializacion-incipiente/"
"Índice nacional de ciencia, tecnología e innovación 2018","Marlene Gras Marín, Carolina Alí Fojaco y Laura Segura Guzmán - Movimiento STEM","Estrategia Educación STEM para México","Privado","Privado",2021,"https://movimientostem.org/wp-content/uploads/2021/09/Vision-Exito-Intersectorial-_-Cuatro-Ejes-Estrategicos-STEM.pdf"
"Índice nacional de ciencia, tecnología e innovación 2018","Gobierno municipal de Aguascalientes","Programa municipal de desarrollo urbano y ordenamiento territorial, Aguascalientes 2045","Gubernamental","Público",2021,"https://eservicios2.aguascalientes.gob.mx/NormatecaAdministrador/archivos/MUN-23-98.pdf"
"Índice nacional de ciencia, tecnología e innovación 2018","Gobierno municipal de Aguascalientes","Programa municipal de desarrollo urbano y ordenamiento territorial, Aguascalientes 2045","Gubernamental","Público",2021,"https://issuu.com/stratomarketing/docs/tj-pdm19-21-202001151000_issuu"
"Índice nacional de ciencia, tecnología e innovación 2018","Jocelyn Paullette Chalán Martínez, Jocelyn Alexandra Vásquez Arias, Iddar Iván Jaya Pineda y Bill Jonathan Serrano Orellana - 593 Digital Publisher","Relación del nivel de formación académica de las mujeres sobre su capacidad emprendedora para la creación de emprendimientos Machala 2021","Académico","Privado",2021,"https://www.593dp.com/index.php/593_Digital_Publisher/article/view/719"
"Índice nacional de ciencia, tecnología e innovación 2018","Secretaría de Economía Estado de Zacatecas","Plan Estatal de Desarrollo 2022 - 2027","Gubernamental","Público",2021,"https://see.zacatecas.gob.mx/assets/doc/ped/PED%202022-2027%20CXXXI_SUPL_1_AL_103%20AA.pdf"
"Índice nacional de ciencia, tecnología e innovación 2018","Secretaría de Economía Estado de Zacatecas","Plan Estatal de Desarrollo 2022 - 2027","Gubernamental","Público",2021,"https://www.zacatecas.gob.mx/archivos/PED_2022-2027.pdf"
"Índice nacional de ciencia, tecnología e innovación 2018","Victoriano Gabriel Covarrubias Salvatori, Erik Tapia Mejía,
Javier Rivera Márquez - Consejo de Ciencia y Tecnología del Estado de Puebla","Retos y oportunidades del emprendimiento sustentable en México","Gubernamental","Público",2021,"https://cdhpuebla.org.mx/pdf/2021/PRE/Libros/111121_Libro_Retos%20y%20Oportunidades%20del%20Emprendimiento%20Sustentable%20en%20México_Final.pdf"
"Índice nacional de ciencia, tecnología e innovación 2018","Eugenio Guzmán Soria, María Teresa de la Garza Carranza, Samuel Rebollar Rebollar, Juvencio Hernández Martínez","Proyección de crecimiento económico para el Estado de Guanajuato 2020-2030 ante el SARS COV-2","Académico","Privado",2021,"https://debateeconomico.org/wp-content/uploads/2023/03/debate-30-3-gto.pdf"
"Índice nacional de ciencia, tecnología e innovación 2018","Eduardo Rodríguez Juárez, Kevin Enrique Solis Batalla, Elías Gaona Rivera - Revista Panorama Económico","Impacto de la escolaridad de los trabajadores del sector manufacturero en el desarrollo científico y tecnológico de las entidades federativas de México","Académico","Privado",2021,"https://www.revistapanoramaeconomico.mx/index.php/PE/article/view/88"
"Índice nacional de ciencia, tecnología e innovación 2018","Gobierno del Estado de Tlaxcala","Plan Estatal de Desarrollo 2021-2027","Gubernamental","Público",2021,"https://si.tlaxcala.gob.mx/images/Plan%20Estatal%20de%20Desarrollo%202021-2027.pdf"
"Índice nacional de ciencia, tecnología e innovación 2018","Gobierno del Estado de Tlaxcala","Plan Estatal de Desarrollo 2021 - 2027","Gubernamental","Público",2021,"https://www.saludtlax.gob.mx/documentos/ITGSEF2016/2022/Plan_Estatal_de_Desarrollo_2021-2027.pdf"
"Índice nacional de ciencia, tecnología e innovación 2018","Organización para la Cooperación y el Desarrollo Económicos (OECD )","OECD Skills Strategy Tlaxcala (Mexico)","Internacional","Organismo Internacional",2021,"https://www.oecd.org/content/dam/oecd/en/publications/reports/2021/06/oecd-skills-strategy-tlaxcala-mexico_448f6854/13925818-en.pdf"
"Índice nacional de ciencia, tecnología e innovación 2018","Poder Legislativo del Estado de Zacatecas","Iniciativa con proyecto mediante la cual se reforman diversas disposiciones legales de la ley orgánica del poder legislativo del Estado de Zacatecas, en materia de comunicación social","Legislativo","Público",2022,"https://www.congresozac.gob.mx/coz/images/uploads/20221116115807.pdf"
"Índice nacional de ciencia, tecnología e innovación 2018","Geovani Cecilia Campos Vázquez","Acuerdo SECIHTI/ 202X por el que se emiten las Reglas de Operación del Programa de
subsidios o ayudas denominado Fortalecimiento de la Ciencia, Tecnología e Innovación","Gubernamental","Público",2022,"https://www.yucatan.gob.mx/docs/air/AIR_1966_2.pdf"
"Índice nacional de ciencia, tecnología e innovación 2018","Mesa Directiva
del Honorable Congreso del Estado
de Michoacán de Ocampo","Propuesta de acuerdo por el que se exhorta al titular del Poder Ejecutivo del Estado a que, en el próximo proyecto del presupuesto de egresos 2023, se destine y especifique lo mandatado por la ley a las actividades de investigación científica, desarrollo tecnológico e innovación en nuestra entidad, presentada por la diputada Fanny Lyssette Arreola Pichardo, integrante de la Representación Parlamentaria","Legislativo","Público",2022,"http://congresomich.gob.mx/file/Gaceta-061-XXVIII-A-bis-16-11-2022-Propuesta-Acuerdo-Exhorta-al-TitulardelPoderEjecutivo-se-Destine-y-Especifique-por-la-Ley-a-la-Actividades-d.pdf"
"Índice nacional de ciencia, tecnología e innovación 2018","Jorge Benjamín Tello Medina y Lucio Flores Payans","La innovación pública en México desde sus
subsistemas de generación de conocimiento","Académico","Privado",2022,"https://www.google.com/url?sa=t&source=web&rct=j&opi=89978449&url=https://revistatransregiones.com/web/index.php/tr/article/download/24/21/70&ved=2ahUKEwiEnOqh6eeOAxUKnCYFHarBMqk4KBAWegQIFhAB&usg=AOvVaw2OCOaU8p1nBACRkSbPKQv5"
"Índice nacional de ciencia, tecnología e innovación 2018","Adriana Morales Ramírez","Migración calificada. Dualidad en el mercado de trabajo calificado y la geografía de la industria automotriz en la región Bajío. México, 2010-2020","Académico","Privado",2022,"http://dgsa.uaeh.edu.mx:8080/jspui/bitstream/231104/3045/3/AT26176.pdf"
"Índice nacional de ciencia, tecnología e innovación 2018","El Colegio de la Frontera Sur","Programa institucional entidades sectorizadas derivado del Plan Nacional de Desarrollo 2019-2024","Privado","Público",2022,"https://www.dof.gob.mx/nota_detalle_popup.php?codigo=5652604"
"Índice nacional de ciencia, tecnología e innovación 2018","Gobierno del Estado de Sinaloa","Plan Estatal de Desarrollo 2022 - 2027","Gubernamental","Público",2022,"https://ped.sinaloa.gob.mx/wp-content/uploads/2022/04/PED27-compressed.pdf"
"Índice nacional de ciencia, tecnología e innovación 2018","Gobierno Municipal Ixtlahuaca","Plan de Desarrollo Municipal 2022 - 2024 Ixtlahuaca","Gubernamental","Público",2022,"https://copladem.edomex.gob.mx/sites/copladem.edomex.gob.mx/files/files/pdf/Planes%20y%20programas/Mpales-2022-2024/Ixtlahuaca_PDM_2022_2024.pdf"
"Índice nacional de ciencia, tecnología e innovación 2018","Consejo de Ciencia y Tecnología del Estado de Morelos (CCyTEM)- Periódico Oficial del Estado de Morelos","Actualización del Programa especial de ciencia y
tecnología del estado de Morelos 2019-2024","Gubernamental","Público",2022,"https://periodico.morelos.gob.mx/obtenerPDF/2022/6143.pdf"
"Índice nacional de ciencia, tecnología e innovación 2018","Coordinación General para el Fomento a la Investigación Científica e Innovación del Estado de Sinaloa","Programa Especial de Ciencia y Tecnología del Estado de Sinaloa 2022-2027","Gubernamental","Público",2022,"https://media.transparencia.sinaloa.gob.mx/uploads/files/1/1.PROGRAMA%20ESPECIAL%20DE%20CIENCIA%202022-2027.pdf"
"Índice nacional de ciencia, tecnología e innovación 2018","Ayuntamiento Constitucional Ixtlahuaca","Acuerdo de Cabildo Quinta Sesión Extraordinaria: Plan de Desarrollo Municipal 2022 - 2024","Gubernamental","Público",2022,"https://ixtlahuaca.gob.mx/docs/gacetas/2022/mar/gm_005.pdf"
"Índice nacional de ciencia, tecnología e innovación 2018","Asesoría Superior del Estado de Yucatán H Congreso del Estado de Yucatán","Informes Individuales: Cuenta Pública 2022","Gubernamental","Público",2022,"https://www.congresoyucatan.gob.mx/vistas/comisionVigilancia/cuenta2022/tercera/INFORMES%20INDIVIDUALES/ENTIDADES/TOMO%20IV%20ENTIDADES.pdf"
"Índice nacional de ciencia, tecnología e innovación 2018","Ayuntamiento de Chapultepec, Estado de México","Plan de Desarrollo Municipal 2022 - 2024 Chapultepec","Gubernamental","Público",2022,"https://chapultepec.gob.mx/assets/docs/normatividad/Plan-de-Desarrollo-Municipal-2022-2024-Chapultepec.pdf"
"Índice nacional de ciencia, tecnología e innovación 2018","Pablo Wong González y Ryszard Rózga Luter - Escenarios territoriales ante la reconfiguración del orden mundial","Estudios aplicados al análisis global y aprovechamientos
del territorio para la innovación productiva","Privado","Público",2022,"https://core.ac.uk/download/548239881.pdf"
"Índice nacional de ciencia, tecnología e innovación 2018","Congreso del Estado Libre y Soberano de Tlaxcala","Plan Estatal de Desarrollo 2021-2027","Gubernamental","Público",2022,"https://tlaxcala.gob.mx/images/PDFGOB/plan_estatal_desarrollo_21_27.pdf"
"Índice nacional de ciencia, tecnología e innovación 2018","José Luis Ramírez - abc Noticias de Tlaxcala","SE DEBE REDEFINIR LA POLÍTICA CIENTÍFICA Y TECNOLÓGICA EN EL ESTADO","Privado","Privado",2022,"https://abctlax.com/se-debe-redefinir-la-politica-cientifica-y-tecnologica-en-el-estado/"
"Índice nacional de ciencia, tecnología e innovación 2018","El Estado de Jalisco Periódico Oficial","REGLAS DE OPERACIÓN. “GESTIÓN DE FONDOS Y PROGRAMAS DE APOYO DE CIENCIA, TECNOLOGÍA E INNOVACIÓN.”","Gubernamental","Público",2022,"https://l.coecytjal.org.mx/storage/rop/2022/Reglas%20de%20Operación%20Gestión%20de%20Fondos%20y%20Programas%20CTI%202022.pdf"
"Índice nacional de ciencia, tecnología e innovación 2018","Congreso del Estado Libre y Soberano de Michoacán de Ocampo","Versión Estenográfica Sesión Número 061 (Extraordinaria)","Gubernamental","Público",2022,"http://congresomich.gob.mx/file/Sesión-061-I-16-11-2022.pdf"
"Índice nacional de ciencia, tecnología e innovación 2018","Perla Jazmín González Cruz y Concepción Reyes de la Cruz","Ciencia, Tecnología e Innovación en Tabasco 2012-2022","Académico","Privado",2022,"https://ru.iiec.unam.mx/5858/1/2.%20107-González-Reyes.pdf"
"Índice nacional de ciencia, tecnología e innovación 2018","Instituto de Ciencia, Tecnología e Innovación del Estado de Chiapas","Programa Institucional Instituto de Ciencia, Tecnología e Innovación 2019-2024","Gubernamental","Público",2022,"https://icti.chiapas.gob.mx/media/marco-juridico/2022/programa%20institucional%20icti.pdf"
"Índice nacional de ciencia, tecnología e innovación 2018","Universidad Autónoma de Zacatecas","PLAN DE ESTUDIOS ACTUALIZADO A  IMPLEMENTARSE
PARA LA VII GENERACIÓN DE ESTUDIANTES
EN ENERO DE 2023","Académico","Público",2023,"https://cienciapolitica.uaz.edu.mx/wp-content/uploads/2021/04/PLAN-DE-ESTUDIOS-DCP.pdf"
"Índice nacional de ciencia, tecnología e innovación 2018","Organización Internacional del Trabajo (OIT); Fondo de las Naciones Unidas para la Infancia (UNICEF); Gina Andrade Baena","Informe sobre la brecha de género en STEM en la Formación Técnico Profesional (EFTP) en México","Internacional","Organismo Internacional",2023,"https://www.unicef.org/mexico/media/7826/file/Informe%20sobre%20la%20brecha%20de%20g%C3%A9nero%20en%20STEM%20en%20M%C3%A9xico.pdf"
"Índice nacional de ciencia, tecnología e innovación 2018","Monclova","Avanza Chiapas en Ciencia, Tecnología e Innovación en el país","Privado","Privado",2023,"https://monclova.com/nacional/avanza-chiapas-en-ciencia-tecnologia-e-innovacion-en-el-pais"
"Índice nacional de ciencia, tecnología e innovación 2018","Hacienda Chiapas","Evaluación del nivel de cumplimiento 2023 del plan estatal de desarrollo Chiapas 2019-2024 y programas sectoriales","Gubernamental","Público",2023,"https://www.haciendachiapas.gob.mx/PED/Evaluacion.pdf"
"Índice nacional de ciencia, tecnología e innovación 2018","Gobierno del Estado de Durango","Plan Estatal de Desarrollo 2023 - 2028","Gubernamental","Público",2023,"https://www.cocyted.mx/DesarrolloInstitucional/PED_2023-2028.pdf"
"Índice nacional de ciencia, tecnología e innovación 2018","Gobierno del Estado de Durango","Plan Estatal de Desarrollo 2023 - 2028","Gubernamental","Público",2023,"https://www.durango.gob.mx/ped.pdf"
"Índice nacional de ciencia, tecnología e innovación 2018","Sistema Estatal de Evaluación Zacatecas","Programa presupuestario 117 Becas y Apoyos COZCyT para el desarrollo de Capital Humano Especializado ejercicio fiscal 2023","Gubernamental","Público",2023,"https://see.zacatecas.gob.mx/assets/doc/evaluacion/evaluaciones/2023-EID_BecasCozcyt.pdf"
"Índice nacional de ciencia, tecnología e innovación 2018","Instituto Municipal de Planificación y Evaluación de Aguascalientes","Programa Municipal de Desarrollo Urbano y Ordenamiento Territorial de Aguascalientes 2045 (PMDUOT 2045)","Gubernamental","Público",2024,"https://www.implanags.gob.mx/maqueta_ags_implan/files/programas/PMDUOT/2024/pmduot-2045_ev1_entregable_.pdf"
"Índice nacional de ciencia, tecnología e innovación 2018","Instituto Municipal de Planificación y Evaluación de Aguascalientes","PMDUOT 2045","Gubernamental","Público",2024,"https://www.implanags.gob.mx/files/programas/PMDUOT/PROGRAMA_MUNICIPAL_DE_DESARROLLO_URBANO_Y_ORDENAMIENTO_TERRITORIAL_2045_(PMDUOT%202045).pdf"
"Índice nacional de ciencia, tecnología e innovación 2018","Ayuntamiento de Atlixco","Ficha Técnica del Programa de Presupuesto","Gubernamental","Público",2024,"https://atlixco.gob.mx/Documentos/PBRSED/PP/PP_2024/Programas_Modificados/PP_3.1.pdf"
"Índice nacional de ciencia, tecnología e innovación 2018","Omar David Jiménez Ojeda y Oswaldo Chacón Rojas - Universidad Autónoma de Chiapas","Evolución, cultura cívica e investigación social: Aproximación al escenario de la educación superior en México","Privado","Privado",2024,"https://www.dgip.unach.mx/publicaciones-cientificas/images/documentos/13_Evolución_cultura_cívica_e_investigación_social.pdf"
"Índice nacional de ciencia, tecnología e innovación 2018","Gobierno del municipio de Aguascalientes y Secretaría de Medio Ambiente y Desarrollo Sustentable","Actualización: Programa de orden ecológico local del municipio de Aguascalientes","Gubernamental","Público",2024,"https://webgma.ags.gob.mx/SEMADESU/POEL/2024/Etapas%20del%20POEL/1ER%20ETAPA%20DOCTO.%20CARACTERIZACIÓN.pdf"
"Índice nacional de ciencia, tecnología e innovación 2018","Jorge Inés León Balderrama, Juan Martín Preciado Rodríguez, Cuitláhuac Valdez Lafarga","Las capacidades de innovación de los Estados Mexicanos","Académico","Privado",2024,"https://www.google.com/url?sa=t&source=web&rct=j&opi=89978449&url=https://rgsa.openaccesspublications.org/rgsa/article/download/7484/3043/25096&ved=2ahUKEwiKxMPmhfiOAxUz4skDHS29HLY4ChAWegQIIhAB&usg=AOvVaw2W4lLnFZqnMuG9rMBKCN4g"
"Índice nacional de ciencia, tecnología e innovación 2018","Gobierno del Estado de Aguascalientes","Programa municipal de desarrollo urbano y ordenamiento territorial Aguascalientes 2045 EV 1 y su sistema de información geográfica","Privado","Público",2024,"https://geaappsweb.aguascalientes.gob.mx/seplade/REOTPU/pdf/ProgMun/AGS/PM_AG1-POE.pdf"
"Ramo 38","Nelly Toche - El Economista","Proyecto ciudadano explica de qué trata el Ramo 38","Privado","Privado",2015,"https://www.eleconomista.com.mx/arteseideas/Proyecto-ciudadano-explica-de-que-trata-el-Ramo-38-20151117-0056.html"
"Ramo 38","Cámara de Diputados del Congreso de la Nación","Diario de los Debates","Gubernamental","Público",2016,"https://cronica.diputados.gob.mx/pdf/63/2016/abr/160412-4.pdf"
"Ramo 38","Cámara de Diputados del Congreso de la Nación - Diario de los Debates de la Cámara de Diputados","Armonizar su legislación conforme a lo establecido en la Ley General de Instituciones y Procedimientos Electorales, en Materia de Multas Electorales","Gubernamental","Público",2016,"https://gaceta.diputados.gob.mx/Gaceta/63/2016/abr/20160412-VIII.html"
"Ramo 38","María Eloísa Talavera Hernández - Cámara de Diputados","Con punto de acuerdo por el que se exhorta a los congresos locales a armonizar su legislación con la Ley General de Instituciones y Procedimientos Electorales, en materia de Multas Electorales, a cargo de la diputada María Eloísa Talavera Hernández, del grupo parlamentario del PAN","Legislativo","Público",2016,"https://sil.gobernacion.gob.mx/Archivos/Documentos/2016/04/asun_3359460_20160412_1460475987.pdf"
"Ramo 38","Cámara de Diputados del Congreso de la Nación - Diario de los Debates de la Cámara de Diputados","Armonizar su legislación conforme a lo establecido en la Ley General de Instituciones y Procedimientos Electorales, en Materia de Multas Electorales","Gubernamental","Público",2016,"https://cronica.diputados.gob.mx/Debates/63/1er/2P/Ord/abr/01L63A1P222-I.html"
"Ramo 38","Suzzete Alcántara - El Universal","Trece estados, sin legislar multas electorales para la ciencia","Privado","Privado",2016,"https://www.eluniversal.com.mx/articulo/nacion/politica/2016/05/2/trece-estados-sin-legislar-multas-electorales-para-la-ciencia/"
"Ramo 38","Instituto Estatal Electoral Baja California","Instituto Estatal Electoral Baja California","Gubernamental","Público",2016,"https://ieebc.mx/archivos/comunicacion/sintesis/2016/mayo/03052016.pdf"
"Ramo 38","Edna María Villarreal Peralta, Esteban Santamaría Hernández, Everardo Diaz Gomez y María Dolores Ballesteros Páez, Stephen Birtwistle, Carlos E. Rodríguez, Wilfrido Urueta Rico - British Council","Habilidades para la Innovación. Resumen Ejecutivo","Privado","Privado",2016,"https://www.researchgate.net/publication/309910268_Habilidades_para_la_Innovacion_Resumen_Ejecutivo"
"Ramo 38","Redacción El Universal","Recursos de multas, a ciencia, pide diputada","Privado","Privado",2016,"https://www.eluniversal.com.mx/articulo/nacion/politica/2016/05/3/recursos-de-multas-ciencia-pide-diputada/?outputType=amp"
"Ramo 38","Cámara de Diputados del Congreso de la Nación","Trece entidades no han armonizado su legislación para destinar multas electorales a la ciencia","Gubernamental","Público",2016,"http://www5.diputados.gob.mx/index.php/esl/Comunicacion/Boletines/2016/Mayo/01/1502-Trece-entidades-no-han-armonizado-su-legislacion-para-destinar-multas-electorales-a-la-ciencia"
"Ramo 38","Andrea Gómez Beltrán - Universidad Latina, S.C","Incremento de Recursos Públicos para el Sector Científico y Tecnológico a través de la Reforma del Artículo Sexto de la Contitución Política de los Estados Unidos Mexicanos","Académico","Privado",2017,"https://ru.dgb.unam.mx/bitstream/20.500.14330/TES01000756399/3/0756399.pdf"
"Ramo 38","María Eloísa Talavera Hernández - Cámara de Diputados","Iniciativa con proyecto de decreto que reforma y adicional el Artículo 458 de la Ley General de Instituciones y Procedimientos Electorales, a cargo de la diputada María Eloísa Talavera Hernández, del grupo parlamentario del PAN","Legislativo","Público",2017,"https://sil.gobernacion.gob.mx/Archivos/Documentos/2017/12/asun_3649308_20171214_1516049955.pdf"
"Ramo 38","Martha Romero - Diario Revolución","Se deben destinar a la ciencia, cultura, deporte y salud, recursos que provengan de sanciones electorales: Barberena","Privado","Privado",2022,"https://www.diarioevolucion.com.mx/se-deben-destinar-a-la-ciencia-tecnologia-innovacion-cultura-deporte-y-salud-recursos-que-provengan-de-sanciones-electorales-barberena/"
"Ramo 38","María Eloísa Talavera Hernández - Cámara de Diputados","Que reforma y adiciona el artículo 458 de la Ley General de Instituciones y Procedimientos Electorales, a cargo de la diputada María Eloísa Talavera Hernández, del Grupo Parlamentario del PAN","Legislativo","Público",2017,"https://gaceta.diputados.gob.mx/Gaceta/63/2017/nov/20171121-V.html"
"Ramo 38","María Eloísa Talavera Hernández - Cámara de Diputados","Que reforma y adiciona el artículo 458 de la Ley General de Instituciones y Procedimientos Electorales, a cargo de la diputada María Eloísa Talavera Hernández, del Grupo Parlamentario del PAN","Legislativo","Público",2017,"https://gaceta.diputados.gob.mx/PDF/63/2017/nov/20171121-V.pdf"
"Ramo 38","Daniel Ulices Peralta Jorge","La Reforma Político-Electoral de 2014 y su vinculación con el Derecho Humano al accesso de la ciencia, tecnología e innovación en México","Académico","Privado",2018,"http://ri.uagro.mx/bitstream/handle/uagro/1701/TM_09163375_18.pdf?sequence=1&isAllowed=y"
"Ramo 38","Comisión de Selección del Comité de Participación Ciudadana del Sistema Estatal Anticorrupción","Exposición de motivos que sustentan la presente solicitud para formar parte del Comité de Participación Ciudadana del Sistema Estatal Antocorrupción","Gubernamental","Público",2019,"http://intranet.congresoson.gob.mx:82/Publico/Documento/21369"
"Ramo 38","Instituto de Evaluación de Políticas Públicas del Estado de Durango (INEVAP)","Evaluación Específica                           Programa Apoyos Institucionales","Gubernamental","Público",2019,"https://cocyted.gob.mx/DesarrolloInstitucional/Evaluaciones/Evaluacion_COCYTED_2019.pdf"
"Ramo 38","Julieta Villapando Riquelme - Cámara de Diputados","Iniciativa con proyecto de Decreto por el que se reforma
el último párrafo del artículo 473 del Código Electoral del Estado de México","Legislativo","Público",2020,"https://www.gob.mx/cms/uploads/attachment/file/834322/L_Ley_de_Archivos_Administracion_de_Documentos_del_Estado_de_Mexico_y_Municipios.pdf"
"Ramo 38","Julieta Villapando Riquelme - Cámara de Diputados","Iniciativa con proyecto de Decreto por el que se reforma
el último párrafo del artículo 473 del Código Electoral del Estado de México","Legislativo","Público",2020,"https://legislacion.edomex.gob.mx/sites/legislacion.edomex.gob.mx/files/files/pdf/gct/2020/nov261.pdf"
"Ramo 38","Silvia Barberena
Maldonado -  Cámara de Diputados","Iniciativa con proyecto de decreto por el que se reforma el último párrafo del artículo 473 del Código Electoral del Estado de México","Legislativo","Público",2022,"https://www.secretariadeasuntosparlamentarios.gob.mx/mainstream/Actividad/Diario/LXI/TOMO%20XIII/57-12may22.pdf"
"Ramo 38","Instituto Electoral del Estado de México","Recursos de sanciones electorales que se destinen a la ciencia: Barberena","Gubernamental","Público",2022,"https://medioteca.ieem.org.mx/images/notas_relevantes/13-05-22/04.pdf"
"mujeres-inventoras-patentando-en-mexico","Domingo Sifontes, Rosa Morales - Female Patenting Activity in Mexico: Understanding the Gap","La actividad patentadora de las mujeres en México: una aproximación a la brecha de género","Académico","Privado",2022,"https://revistas.pucp.edu.pe/index.php/360gestion/article/view/25841/24365"
"mujeres-inventoras-patentando-en-mexico","Gina Andrea Cruz Blackledge - Senado de la República","Iniciativa con proyecto de decreto por el que se adiciona la fracción XXXV al artículo 5 de la ley federal de protección a la propiedad industrial","Legislativo","Público",2022,"https://infosen.senado.gob.mx/sgsp/gaceta/65/2/2022-11-09-1/assets/documentos/Inic_PAN_Sen_Blackledge_art_5_LFPPI.pdf"
"mujeres-inventoras-patentando-en-mexico","Margarita Tecpoyotl Torres - XXVII Reunión General de Directores: Formación de ingenieros para la innovación","La perspectiva de género en la agenda de la educación superior en las áreas de STEM","Académico","Privado",2022,"https://www.anfei.mx/site/wp-content/uploads/2022/11/C4_MTT.pdf"
"Mujeres inventoras: Patentando en México ¿Cómo vamos?","Itziar Gómez Jiménez - El Heraldo","Se buscan mujeres inventoras","Privado","Privado",2021,"https://heraldodemexico.com.mx/opinion/2021/4/16/se-buscan-mujeres-inventoras-284724.html"
"Mujeres inventoras: Patentando en México ¿Cómo vamos?","Itziar Gómez Jiménez - El Heraldo","Se buscan mujeres inventoras","Privado","Privado",2021,"https://www.linkedin.com/pulse/se-buscan-mujeres-inventoras-itziar-gómez-/"
"Mujeres inventoras: Patentando en México ¿Cómo vamos?","Domingo Sifontes, Rosa Morales - Female Patenting Activity in Mexico: Understanding the Gap","La actividad patentadora de las mujeres en México: una aproximación a la brecha de género","Académico","Privado",2022,"https://revistas.pucp.edu.pe/index.php/360gestion/article/view/25841/24365"
"Mujeres inventoras: Patentando en México ¿Cómo vamos?","Domingo Sifontes, Rosa Morales - Female Patenting Activity in Mexico: Understanding the Gap","La actividad patentadora de las mujeres en México: una aproximación a la brecha de género","Académico","Privado",2022,"https://revistas.pucp.edu.pe/index.php/360gestion/article/download/25841/24973?inline=1"
"Mujeres inventoras: Patentando en México ¿Cómo vamos?","Global Intellectual Property Alliance (GLIPA) - Marca Sur","GLIPA presenta estudio con cifras sobre mujeres inventoras en Brasil, Chile, Colombia y México","Privado","Privado",2023,"https://marcasur.com/noticia/glipa-presenta-estudio-con-cifras-sobre-mujeres-inventoras-en-brasil-chile-colombia-y-mexico"
"Mujeres inventoras: Patentando en México ¿Cómo vamos?","Itziar Gómez Jiménez - El Heraldo","Se buscan mujeres inventoras","Privado","Privado",2021,"https://heraldodemexico.com.mx/opinion/2021/4/16/se-buscan-mujeres-inventoras-284724.html"
"Mujeres inventoras: Patentando en México ¿Cómo vamos?","Itziar Gómez Jiménez - El Heraldo","Se buscan mujeres inventoras","Privado","Privado",2021,"https://www.linkedin.com/pulse/se-buscan-mujeres-inventoras-itziar-gómez-/"
"Mujeres inventoras: Patentando en México ¿Cómo vamos?","Domingo Sifontes, Rosa Morales - Female Patenting Activity in Mexico: Understanding the Gap","La actividad patentadora de las mujeres en México: una aproximación a la brecha de género","Académico","Privado",2022,"https://revistas.pucp.edu.pe/index.php/360gestion/article/view/25841/24365"
"Mujeres inventoras: Patentando en México ¿Cómo vamos?","Domingo Sifontes, Rosa Morales - Female Patenting Activity in Mexico: Understanding the Gap","La actividad patentadora de las mujeres en México: una aproximación a la brecha de género","Académico","Privado",2022,"https://revistas.pucp.edu.pe/index.php/360gestion/article/download/25841/24973?inline=1"
"Mujeres inventoras: Patentando en México ¿Cómo vamos?","Global Intellectual Property Alliance (GLIPA) - Marca Sur","GLIPA presenta estudio con cifras sobre mujeres inventoras en Brasil, Chile, Colombia y México","Privado","Privado",2023,"https://marcasur.com/noticia/glipa-presenta-estudio-con-cifras-sobre-mujeres-inventoras-en-brasil-chile-colombia-y-mexico"
"Emprendimiento y género en México","Acosta V. Silvia; Pedraza A. Elba M.; Sánchez S. Yazmín A.","Emprendimiento social femenino: una estrategia para el desarrollo","Académico","Público",2017,"https://repository.uaeh.edu.mx/revistas/index.php/investigium/article/download/2952/2974?inline=1"
"Emprendimiento y género en México","Briseño Aguirre Nadia de la Luz; Riveros Rosas Angélica; Velázquez Rojas, K.G.","Mentoring para mujeres emprendedoras","Académico","Público",2018,"https://repositorios.fca.unam.mx/investigacion/memorias/2018/10.05.pdf"
"Emprendimiento y género en México","Manuel Ernesto Becerra Bizarrón, Luz Amparo Delgado Díaz, Georgina Dolores Sandoval Ballesteros","La permanencia empresarial de los emprendimientos sociales desde la perspectiva de los administradores","Académico","Privado",2018,"https://iaidres.org.mx/assets/desarrollo-y-posicionamiento-de-las-empresas-mexicanas-2019-capitulo-1.pdf"
"Emprendimiento y género en México","Mujeres del Pacífico","Programas de apoyo alemprendimiento femenino en la Alianza del Pacífico","Internacional","Organismo Internacional",2018,"https://asem.mx/wp-content/uploads/2021/06/5b96f4d0a1270_1er-Informe-MdP-ASELA-OAP.pdf"
"Emprendimiento y género en México","Silvia Acosta, Elba Pedraza y Yazmín Sánchez","Emprendimiento social femenino: una estrategia para el desarrollo","Privado","Privado",2018,"https://repository.uaeh.edu.mx/revistas/index.php/investigium/article/view/2952/2974"
"Emprendimiento y género en México","María Cecilia Arriola Solís, Rocío Rosas Vargas, Marilú León Andrade y Alejandro Ortega Hernández","La situación de las mujeres empresarias en el sur del Estado de Guanajuato: El caso de tarimoro","Académico","Privado",2018,"https://www.jovenesenlaciencia.ugto.mx/index.php/jovenesenlaciencia/article/view/2539"
"Emprendimiento y género en México","Gustavo Vicente Huerta Rincón, Nancy Hernández Ambris y María Dolores Martínez García","Motivos y obstáculos en el proceso de emprendimiento: Caso de una mujer emprendedora en la ciudad de Pachuca de Soto, Hidalgo","Académico","Privado",2018,"https://revistas.uazuay.edu.ec/index.php/memorias/article/view/183/173"
"Emprendimiento y género en México","Nancy Hernández Ambris","Mujeres emprendedoras: Un estudio multi-caso en la ciudad de Pachuca de Soto","Académico","Privado",2018,"http://dgsa.uaeh.edu.mx:8080/jspui/bitstream/231104/2391/1/Mujeres%20emprendedoras%20un%20estudio%20multi-caso%20en%20la%20ciudad%20de%20Pachuca..pdf"
"Emprendimiento y género en México","Ilse Gabriela Munguía Esparza","Plan de mejoramiento organizacional para la asociación Tlanemani Mujeres con Liderazgo A.C.","Académico","Privado",2019,"http://bdigital.dgse.uaa.mx:8080/xmlui/bitstream/handle/11317/1729/437048.pdf?sequence=1&isAllowed=y"
"Emprendimiento y género en México","Manuel Ernesto Becerra Bizarrón, Luz Amparo Delgado Díaz, Georgina Dolores Sandoval Ballesteros","Artículo 2. Factores de permanencia empresarial, como punto de partida para el fortalecimiento de los emprendiemientos sociales","Académico","Privado",2020,"https://iquatroeditores.org/revista/index.php/relayn/article/view/2/97"
"Emprendimiento y género en México","Javier Damián Simón","Mujeres emprendedoras y situación de sus unidades económicas en la zona de Tuxtepec, Oaxaca, México","Académico","Privado",2020,"https://dialnet.unirioja.es/servlet/articulo?codigo=7863445"
"Emprendimiento y género en México","Nancy Guadalupe Aguilar Hernández, Guadalupe de Monserrat Sánchez Domínguez, Krystell Paola González Gutiérrez, Elizabeth Carmona Díaz y Alejandra Rosaldo Rocha","Mujeres Universitarias: Experiencia en Emprendimiento","Académico","Privado",2020,"https://static1.squarespace.com/static/55564587e4b0d1d3fb1eda6b/t/5f73a1a4c489d610c40478f9/1601413561306/Tomo+01+-+Diseminación+de+resultados+de+investigación+universitaria+-+Tabasco+2020.pdf"
"Emprendimiento y género en México","Joselyn Paullette Chalán Martínez, Jocelyn Alexandra Vásquez Arias, Iddar Iván Jaya Pineda y Bill Jonathan Serrano Orellana","Relación del nivel de formación académica de las
mujeres sobre su capacidad emprendedora para la
creación de emprendimientos Machala 2021","Académico","Privado",2021,"https://dialnet.unirioja.es/servlet/articulo?codigo=8149606"
"Emprendimiento y género en México","Joselyn Paullette Chalán Martínez, Jocelyn Alexandra Vásquez Arias, Iddar Iván Jaya Pineda y Bill Jonathan Serrano Orellana","Relación del nivel de formación académica de las
mujeres sobre su capacidad emprendedora para la
creación de emprendimientos Machala 2021","Académico","Privado",2021,"https://d1wqtxts1xzle7.cloudfront.net/106755570/819-libre.pdf?1697723715=&response-content-disposition=inline%3B+filename%3DRelacion_del_nivel_de_formacion_academic.pdf&Expires=1754451210&Signature=WCsW23gTTeG18Ten2XYOUba-wUVaVAcwoBaT-eXi3LqCUXnINmCBXSg5aRan-hWek50GbihZqOYZ4MLB8zxPCb1CwsR4AIwNjzqNYQUfojZiS3xvoXIe08-1rO3qPZl5eodIOFN0sZmsT3U63qbNMhbYcrGTU6-QN5KXNzEQ9EyOHK4PqFLI5QJElkqsEuPqEQbgGjExtbP0ikKeSP5i~TudDXrkY9waDkM2YNxCa7dTvkFofNkSPgI5BEjFaZV3OG~1ZiBaCLVCv6EH0dHfbyRRmFrPpdueotesPg7OPm3hHedCGucT75IecPKDtKe9oM5Pk9KVyuXmXeu-N8N9ag__&Key-Pair-Id=APKAJLOHF5GGSLRBV4ZA"
"Emprendimiento y género en México","Viridiana Giselle López Sánchez, Elvia Espinosa Infante, Nancy Fabiola Martínez Cervantes - Gestión y análisis de los fenómenos en las organizaciones","lia: emprendimiento de mujeres
en una startup","Privado","Privado",2021,"https://zaloamati.azc.uam.mx/server/api/core/bitstreams/a0264679-9341-4eef-8436-9c8a76b7f8bb/content"
"Emprendimiento y género en México","Viridiana Giselle López Sánchez, Elvia Espinosa Infante, Nancy Fabiola Martínez Cervantes - Gestión y análisis de los fenómenos en las organizaciones","lia: emprendimiento de mujeres
en una startup","Privado","Privado",2021,"https://core.ac.uk/download/518070941.pdf"
"Emprendimiento y género en México","Elizabeth Mora Moreno","“Escenarios socioculturales para las mujeres en el
emprendimiento como trabajo decente: el caso del Tianguis
Orgánico Artesanal de Mexicali”","Académico","Privado",2022,"https://repositorioinstitucional.uabc.mx/server/api/core/bitstreams/ba6e6fb4-9e26-41f9-b5ce-82b923bebd4b/content"
"Emprendimiento y género en México","Mercedes Castro Westendarp - Habitar la vivienda y la ciudad: Perspectivas para la inclusión entre pasado, presente y futuro","La necesidad de replantear
el espacio doméstico y el
espacio productivo en el
diseño de vivienda desde una
perspectiva de género","Académico","Privado",2022,"https://www.researchgate.net/profile/Zonia-Rojas-Pulido-2/publication/392594864_Estudios_sobre_el_espacio_publico_y_la_violencia_en_contra_de_las_mujeres_Estado_del_arte_2016_a_2020/links/6849ecc643aad60b4c165fab/Estudios-sobre-el-espacio-publico-y-la-violencia-en-contra-de-las-mujeres-Estado-del-arte-2016-a-2020.pdf#page=86"
"Emprendimiento y género en México","Elizabeth Mora Moreno y Alejandro José Peimbert Duarte - Revista Reflexiones","Trabajo decente: mujeres microempresarias, sostenibilidad económica y laboral en Mexicali, México","Privado","Privado",2023,"https://www.scielo.sa.cr/scielo.php?pid=S1659-28592023000100091&script=sci_arttext&tlng=en"
"Emprendimiento y género en México","Rosa Rojas Paredes; Alejandro Campos Sánchez; Elia Marúm Espinosa","Género y emprendimiento social: Perspectivas en el contexto de la innovación","Gubernamental","Público",2023,"https://simehbucket.s3.amazonaws.com/miscfiles/gacnero-y-emprendimiento-social-ebook_uop74nwe.pdf"
"Emprendimiento y género en México","Rosa Rojas Paredes, Alejandro Campos Sánchez, Elia Marúm Espinosa","Género y emprendimiento social.
Perspectivas en el contexto de la innovación","Académico","Privado",2023,"https://repositori.uvic-ucc.cat/bitstream/handle/10854/180190/artconlli_a2023_perez_anna_perfil_sociodemografico.pdf?sequence=1&isAllowed=y#page=124"
"Emprendimiento y género en México","Universidad Autónoma Metropolitana","Economía social, cooperativismo y políticas públicas Potencialidades de organizaciones alternativas","Académico","Privado",2023,"https://www.researchgate.net/profile/Julieta-Martinez-Cuero/publication/390372754_Economia_social_cooperativismo_y_politicas_publicas/links/67ec150549e91c0fead34689/Economia-social-cooperativismo-y-politicas-publicas.pdf"
"Emprendimiento y género en México","Luz Amparo Delgado Diaz, Georgina Dolores Sandoval Ballesteros, Miriam del Carmen Vargas Aceves, Indira Rosalia Montes Zambrano","Los obstáculos que tienen las estudiantes universitarias que dirigen una micro o pequeña empresa durante su formación académica","Académico","Privado",2023,"https://d1wqtxts1xzle7.cloudfront.net/121004157/iquatro.2023.09.4-libre.pdf?1737775517=&response-content-disposition=inline%3B+filename%3DCapitulo_22_Los_Obstaculos_que_tienen_la.pdf&Expires=1754438369&Signature=C8dba3KpJ5C1idphPpoqmH1ebzWsAp6wTaLTAksUSkdvytVKDEl2U7o5Fwwu7~Gk4j1QMkqFh4f6uxLAORZIKN~Dgkx5fcJroqWLTVuIUuA8WYrUBINEABMY6Hjw4f2e8~sgUsNTjSn6npyfTU2tiDrKW~kaTfyCOVOUmS4CAor4X6UBYCu6IyDHIgj1QR1ijbKAsfIYcXATJhGFQMuYMYYSgWIYA04wfIJrZauP-T3jclzlmwHi4pGpKycS7sbIAinq80SgITuWCsm3~UQxVhSMkiU5QPIEDVvrlxLPA3EurIHgR1l3tsWbbYgTR8z-g4KkRTsy7SdowUwMVYYoTA__&Key-Pair-Id=APKAJLOHF5GGSLRBV4ZA"
"Emprendimiento y género en México","Luz Amparo Delgado Diaz, Georgina Dolores Sandoval Ballesteros, Miriam del Carmen Vargas Aceves, Indira Rosalia Montes Zambrano","Los obstáculos que tienen las estudiantes universitarias que dirigen una micro o pequeña empresa durante su formación académica","Académico","Privado",2023,"https://www.academia.edu/127241491/Capítulo_22_Los_Obstaculos_que_tienen_las_estudiantes_universitarias_que_dirigen_una_micro_o_pequeña_empresa_durante_su_formación_académica"
"Emprendimiento y género en México","Karen Gisel Velázquez Rojas y Nadia de la Luz Briseño Aguirre","Desarrollo del capital humano para el empoderamiento de las empresarias de la CDMX","Académico","Privado",2023,"https://doi.org/10.30554/lumina.v24.n1.4915.2023"
"Emprendimiento y género en México","Arlen Cerón Islas, Ruth Josefina Alcántara Hernández, Norma Arely Zuñiga Espinosa, Irma Hernández Aranda","La caracterización de las nenis en Hidalgo: un análisis cualitativo","Académico","Privado",2023,"https://iquatroeditores.org/revista/index.php/relayn/article/view/1134/649"
"Emprendimiento y género en México","Paola Francelia Noriega Velazco","El tipo penal en materia electoral y su eficiencia en el Sistema de Justicia del Estado Mexicano","Académico","Privado",2024,"http://dgsa.uaeh.edu.mx:8080/jspui/bitstream/231104/6078/1/ATD659.pdf"
"Emprendimiento y género en México","Heidi Margarita Chalé Chan, José Daniel Poot Chay, Ingrid Abril Segovia Patrón, Leandro Ismael Tun Sulub, Ingrid Ishell Valdez Uitzil","Mujeres emprendedoras en TIMUCUY: Transformadoras de la comunidad","Académico","Privado",2024,"https://ojelt.utmetropolitana.edu.mx/index.php/ojelt/article/view/34"
"Emprendimiento y género en México","Nadia de la Luz Briseño Aguirre, Karen Gisel Velázquez Rojas","Emprendedoras y comercio digital: Una respuesta ante la crisis","Privado","Privado",2024,"https://repositorios.fca.unam.mx/alafec/docs/publicaciones/ebook/gestion_empresas_v2.pdf"
"Emprendimiento y género en México","María Mayela Terán-Cázares, Ivon Abigail González-Garza y Laura Leticia Gaona-Tamez","Generación de proyectos sociales de emprendimiento en una universidad del norte
de México a través de la misión organizacional","Académico","Privado",2024,"https://vinculategica.uanl.mx/index.php/v/article/download/1079/1110"
"Emprendimiento y género en México","María Mayela Terán Cázares, Ivon Abigail González Garza, Blanca Nelly Rodríguez Garza - Innovación y emprendimiento para el desarrollo sostenible","La Misión Organizacional como Factor de Influencia en la Generación de Proyectos Sociales de Emprendimiento Universitario: Un Estudio del alumno Universitario en la Zona Norte de Nuevo León","Académico","Privado",2024,"https://www.researchgate.net/profile/Elia-Marum-Espinosa-2/publication/384970936_Innovacion_y_Emprendimiento_para_el_Desarrollo_Sostenible/links/67be3af9645ef274a494b1a1/Innovacion-y-Emprendimiento-para-el-Desarrollo-Sostenible.pdf"
"Propiedad Intelectual, Creatividad e Innovación para el Desarrollo de México","María Eloísa Talavera Hernández","Iniciativa con Proyecto de Decreto por el que se reforman y adicionan diversas disposiciones de la Ley
General de Cultura y Derechos Culturales","Legislativo","Público",2018,"https://infosen.senado.gob.mx/sgsp/gaceta/63/3/2018-07-25-1/assets/documentos/Inic_PAN_Cultura.pdf"
"Propiedad Intelectual, Creatividad e Innovación para el Desarrollo de México","Daniel Gabriel Ávila Ruiz - Cámara de Diputados","Que reforma y adiciona diversas disposiciones de la Ley General de Cultura y Derechos Culturales, presentada por el senador Daniel Gabriel Ávila Ruiz, en nombre de la diputada María Eloísa Talavera Hernández, del Grupo Parlamentario del PAN, en la sesión de la Comisión Permanente del miércoles 25 de julio de 2018","Legislativo","Público",2018,"https://gaceta.diputados.gob.mx/Gaceta/63/2018/jul/20180727.html"
"Propiedad Intelectual, Creatividad e Innovación para el Desarrollo de México","José Antonio García García - Cámara de diputados","Iniciativa con Proyecto de Decreto por el que se adiciona la fracción VIII Bis al artículo 38 de la Ley Orgánica de la Administración Pública del Estado de México, en materia de Industrias Creativas","Legislativo","Público",2019,"https://www.secretariadeasuntosparlamentarios.gob.mx/mainstream/Actividad/Gaceta/LX/GP-32%20(30-ABR-19).pdf"
"Propiedad Intelectual, Creatividad e Innovación para el Desarrollo de México","Esteban Santamaría Hernández","DERECHOS DE PROPIEDAD INTELECTUAL Y POLÍTICAS PÚBLICAS PARA LA ECONOMÍA CREATIVA
Recomendaciones para América Latina y el Caribe","Académico","Privado",2022,"https://economiacreativa.deboraarango.edu.co/Documentos/Derechos-de-propiedad-intelectual-y-politicas-publicas-para-la-Economía del conocimiento y economía creativa como herramientas para salir de la crisis generada por el COVID-19 en América Latina y el Caribe: un enfoque hacía la Alianza del Pacífico-recomendaciones-para-America-Latina-y-el-Caribe.pdf"
"Propiedad Intelectual, Creatividad e Innovación para el Desarrollo de México","José Antonio García García - Cámara de diputados","Iniciativa con Proyecto de Decreto por el que se adiciona la fracción XXVII y se recorre la subsecuente del artículo 41 Bis de la Ley Orgánica de la Administración Pública Federal","Legislativo","Público",2022,"https://sil.gobernacion.gob.mx/Archivos/Documentos/2022/06/asun_4371431_20220622_1655913513.pdf"
"Propiedad Intelectual, Creatividad e Innovación para el Desarrollo de México","Senado de la República","Avala comisión dictamen para promover participación de mujeres en proyectos de innovación","Gubernamental","Público",2023,"https://comunicacionsocial.senado.gob.mx/informacion/comunicados/6652-avalan-comisiones-dictamen-para-promover-participacion-de-mujeres-en-proyectos-de-innovacion"
"Propiedad Intelectual, Creatividad e Innovación para el Desarrollo de México","Lizbeth Lorely Guerrero González, Brenda Guadalupe Burciaga Sánchez, Myrna Isela García Bencomo, Jesús Robles Villa, José Gerardo Reyes López","Deficiencias en la innovación y registro del producto en la empresa Bimbo en la ciudad de Chihuahua","Académico","Privado",2023,"https://ojs.brazilianjournals.com.br/ojs/index.php/BRJD/article/view/61777"
"Probabilidad y efecto del COVID-19 en la automatización de empleos en la economía creativa de México","United Nations Conference on trade and development","Creative Economy Outlook 2024","Internacional","Organismo Internacional",2024,"https://unctad.org/system/files/official-document/ditctsce2024d2_en.pdf"
"Patentes verdes en el país","Gina Andrea Cruz Blackledge - Senado de la República","Iniciativa con proyecto de decreto por el que se adicionan la fracción IX al Artículo 2, la fracción XXI al artículo 12, y la fracción IX al artículo 13, de la Ley de Ciencia y Tecnología","Legislativo","Público",2022,"https://infosen.senado.gob.mx/sgsp/gaceta/65/2/2022-11-09-1/assets/documentos/Inic_PAN_Sen_Blackledge_art_2_12_13_LCyT.pdf"
"Panorama General de la Educación en México","Edna María Villarreal Peralta","Endogeneidad de los rendimientos educativos en México","Académico","Privado",2015,"https://perfilesla.flacso.edu.mx/index.php/perfilesla/article/view/595"
"Panorama General de la Educación en México","Edna María Villarreal PEralta","Endogeneidad de los rendimientos educativos en México","Académico","Privado",2018,"https://www.scielo.org.mx/scielo.php?script=sci_arttext&pid=S0188-76532018000100265"
"Panorama del Emprendimiento en México","Jhoana Karen Santos Prudente,  Marcela Martínez García, Antonio Alfonso Rodríguez Rosales y Claudia Bertha Zavala Bus","Estándares para el proceso de evaluación de metodologías de emprendimiento en Guerrero","Académico","Privado",2024,"https://federacionglobal.com/FEGLININ/No30/sep2024.html#p=4"
"Knowledge Economy and Creative Economy as Tools to Overcome the COVID-19 Crisis in Latin America and the Caribbean: A Focus on the Pacific Alliance","Álvaro Antón Sancho, Pablo Fernández Arias and Diego Vergara","Higher Education in the Pacific Alliance: Descriptive and Exploratory Analysis of the Didactic Potential of Virtual Reality","Académico","Privado",2023,"https://www.mdpi.com/2414-4088/7/3/30"
"Knowledge Economy and Creative Economy as Tools to Overcome the COVID-19 Crisis in Latin America and the Caribbean: A Focus on the Pacific Alliance","Álvaro Antón Sancho, Pablo Fernández Arias and Diego Vergara","Higher Education in the Pacific Alliance: Descriptive and Exploratory Analysis of the Didactic Potential of Virtual Reality","Académico","Privado",2023,"https://ouci.dntb.gov.ua/en/works/7PrBQ3xl/"
"Información estadística nacional sobre educación superior y posgrado: https://www.caiinno.org/pbi- educacionsuperioryposgrado/","Miguel Ángel González Rubio, Nora Del Carmen Osuna Millán, María del Consuelo Salado Soto, Josué Miguel Flores Parra","La simulación computacional como propuesta para el apoyo en la toma de decisiones contra la deserción escolar en Tijuana Baja California","Académico","Privado",2021,"https://www.proquest.com/openview/a238935c1f71f9b7280f426a1602866f/1?pq-origsite=gscholar&cbl=1006393"
"Información estadística nacional sobre educación superior y posgrado: https://www.caiinno.org/pbi- educacionsuperioryposgrado/","Miguel Ángel González Rubio, Nora Del Carmen Osuna Millán, María del Consuelo Salado Soto, Josué Miguel Flores Parra","La simulación computacional como propuesta para
el apoyo en la toma de decisiones contra la deserción
escolar en Tijuana Baja California","Académico","Privado",2021,"https://www.proquest.com/docview/2648272143?fromopenview=true&pq-origsite=gscholar&sourcetype=Scholarly%20Journals"
"habilidades-para-la-innovacion","Sistema de Información Legislativa","Iniciativa que reforma a los artículos 2 y 12 de la ley de ciencia y tecnología, a cargo de la diputada María Eloísa Talavera Hernández, del Grupo Parlamentario del PAN","Legislativo","Público",2018,"https://sil.gobernacion.gob.mx/Archivos/Documentos/2018/04/asun_3695597_20180411_1521059640.pdf"
"habilidades-para-la-innovacion","Sistema de Información Legislativa","Iniciativa que reforma a los artículos 2 y 12 de la ley de ciencia y tecnología, a cargo de la diputada María Eloísa Talavera Hernández, del Grupo Parlamentario del PAN","Legislativo","Público",2019,"https://gaceta.diputados.gob.mx/PDF/63/2018/mar/20180313-V.pdf"
"Generalidades de la Reforma Político Electoral 2014","Ana Judith figueroa Hernández","La Reforma Político - Electoral, un trabajo de acompañamiento","Gubernamental","Público",2021,"https://www.panslp.org/storage/news/vuwMhFhesbKpeCE2YBgwItD6nZGjxNDoyDFGTjM5.pdf"
"Generalidades de la Reforma Político Electoral 2014","Unidad de Política Migratoria, Registro e Identidad de Personas","Estadística de los eventos de presentación de personas migrantes ante la autoridad migratoria mexicana en el periodo 2012-2019","Gubernamental","Público",2021,"http://www.politicamigratoria.gob.mx/work/models/PoliticaMigratoria/CEM/Publicaciones/Revistas/movilidades/7/MOVILIDADES_7.pdf"
"Panorama de la propiedad intelectual en México: otra perspectiva","María Eloísa Talavera Hernández - Comisión de Economía de la Cámara de Diputados","Iniciativa con Proyecto de Decreto por el que se adiciona un inciso g) a la fracción XII del artículo 6o. de la Ley de la Propiedad Industrial","Legislativo","Público",2018,"https://www.senado.gob.mx/66/gaceta_del_senado/documento/80999"
"Panorama de la propiedad intelectual en México: otra perspectiva","María Eloísa Talavera Hernández","Que adiciona el artículo 6o. de la Ley de la Propiedad Industrial, recibida de la diputada María Eloísa Talavera Hernández, del Grupo Parlamentario del PAN, en la sesión de la Comisión Permanente del miércoles 16 de mayo de 2018","Legislativo","Público",2018,"https://gaceta.diputados.gob.mx/PDF/63/2018/may/20180521.pdf"
"Panorama de la propiedad intelectual en México: otra perspectiva","Plenilunia Salud","Se presenta iniciativa para incrementar participación de mujeres en la creación de inventos","Privado","Privado",2018,"https://plenilunia.com/tecnologia/se-presenta-iniciativa-para-incrementar-participacion-de-mujeres-en-la-creacion-de-inventos/53907/"
"Panorama de la propiedad intelectual en México: otra perspectiva","Cámara de Diputados del Congreso de la Nación","Talavera Hernández impulsa iniciativa con ese fin; la representación femenina sólo es de 36 por ciento en el Sistema Nacional de Investigadores","Legislativo","Público",2018,"http://www5.diputados.gob.mx/index.php/esl/Comunicacion/Boletines/2018/Mayo/26/5490-Piden-politicas-publicas-para-participacion-de-mujeres-en-la-creacion-de-inventos"
"ENLACE Primaria - https://www.caiinno.org/enlace-primaria/","Comisión Nacional Bancaria y de Valores (CNBV)","Estudios Económicos CNBV, Volumen 5","Gubernamental","Privado",2023,"https://www.gob.mx/cms/uploads/attachment/file/846226/Estudios_Econ_micos_CNBV_-_Vol._5__2023.pdf"
"Economía del conocimiento y economía creativa como herramientas para salir de la crisis generada por el COVID-19 en América Latina y el Caribe: un enfoque hacía la Alianza del Pacífico","Esteban Santamaría Hernández","DERECHOS DE PROPIEDAD INTELECTUAL Y POLÍTICAS PÚBLICAS PARA LA ECONOMÍA CREATIVA
Recomendaciones para América Latina y el Caribe","Académico","Privado",2022,"https://economiacreativa.deboraarango.edu.co/Documentos/Derechos-de-propiedad-intelectual-y-politicas-publicas-para-la-Economía del conocimiento y economía creativa como herramientas para salir de la crisis generada por el COVID-19 en América Latina y el Caribe: un enfoque hacía la Alianza del Pacífico-recomendaciones-para-America-Latina-y-el-Caribe.pdf"
"Economía del conocimiento y economía creativa como herramientas para salir de la crisis generada por el COVID-19 en América Latina y el Caribe: un enfoque hacía la Alianza del Pacífico","Díaz Macías, Tania Maritza, García Ruíz, Jaime Gabriel, García Pedraza, Lienny - Revista de Ciencias Sociales","Producción del Sombrero de Paja
Toquilla en el contexto del desarrollo local
comunitario","Académico","Privado",2023,"https://produccioncientificaluz.org/index.php/rcs/article/view/40962"
"Economía del conocimiento y economía creativa como herramientas para salir de la crisis generada por el COVID-19 en América Latina y el Caribe: un enfoque hacía la Alianza del Pacífico","Díaz Macías, Tania Maritza, García Ruíz, Jaime Gabriel, García Pedraza, Lienny - Revista de Ciencias Sociales","Producción del Sombrero de Paja
Toquilla en el contexto del desarrollo local
comunitario","Académico","Privado",2023,"rg/index.php/rcs/article/download/40962/47005?inline=1"
"Economía del conocimiento y economía creativa como herramientas para salir de la crisis generada por el COVID-19 en América Latina y el Caribe: un enfoque hacía la Alianza del Pacífico","Juan Antonio Color Vázquez, Jorge Víctor Alcaraz Vera, Rubén Chávez Rivera - Revista CIMEXUS","La economía creativa en el municipio de Morelia, Michoacán, México: un análisis desde el desarrollo económico local","Académico","Privado",2025,"https://cimexus.umich.mx/index.php/cimexus/article/view/578/533"
"Creative Economy in Mexico and its impact on the national economy","Economic Development Department (New Mexico)","New Mexico Creative Industries Division Study","Internacional","Público",2024,"https://edd.newmexico.gov/wp-content/uploads/2024/07/NM_CID_Report_2024UPDATED1.pdf"
"Banco de Invenciones por género en México a nivel estatal","Silvia Palomino Hernández","El género de las patentes ¿qué tanto patentamos las mujeres?","Gubernamental","Público",2021,"https://amppi.org.mx/wp-content/uploads/2021/04/43Blg_10aArtComDiveIncSilviaP.pdf"
"Banco de información estadística de invenciones por género","Diputados PAN","Boletín: Impulsaremos actividad inventiva de la mujer en todo el país: Dip. Eloísa Talavera","Gubernamental","Público",2018,"http://diputadospan.mx/DiputadosPAN/layouts/Noticia.aspx?tipo=2&idnoticia=5330&id=5330"
"Banco de información estadística de invenciones por género","MVS Noticias","Piden reforma al IMPI para ampliar reconocimiento a creaciones de mexicanas","Privado","Privado",2018,"http://www5.diputados.gob.mx/index.php/camara/Comunicacion/Monitoreo-de-Medios/2018/04-Abril/28/28-abril-2018-14-41-00"
"Banco de información estadística de invenciones por género","MVS Noticias","Piden reforma al IMPI para ampliar reconocimiento a creaciones de mexicanas","Privado","Privado",2018,"https://mvsnoticias.com/nacional/2018/4/28/piden-reforma-al-impi-para-ampliar-reconocimiento-creaciones-de-mexicanas-371964.html"
"¿Por qué te importa?","Andrea Gómez Beltrán - Universidad Latina, S.C.","Incremento de Recursos Públicos para el Sector Científico y Tecnológico a través de la Reforma del Artículo Sexto de la Contitución Política de los Estados Unidos Mexicanos","Académico","Privado",2017,"https://ru.dgb.unam.mx/bitstream/20.500.14330/TES01000756399/3/0756399.pdf"
"Reforma Político Electoral","Andrea Gómez Beltrán - Universidad Latina, S.C.","Incremento de Recursos Públicos para el Sector Científico y Tecnológico a través de la Reforma del Artículo Sexto de la Contitución Política de los Estados Unidos Mexicanos","Académico","Privado",2017,"https://ru.dgb.unam.mx/bitstream/20.500.14330/TES01000756399/3/0756399.pdf"
"Comparo voto","Roberto Duque - El Financiero","Roberto Duque en el Financiero","Privado","Privado",2018,"https://www.facebook.com/watch/?v=2183881024961516"
"Comparo voto","Patricia Ramírez","Aconseja IECM informarse para emitir voto razonado","Privado","Privado",2018,"https://www.iecm.mx/www/ut/ucs/INFORMA/2018/mayo18m/INFOM120518/A2.pdf"
"Comparo voto","Gaceta de Iztapalapa","Se presentó la plataforma digital Comparo Voto para contribuir al sufragio informado","Gubernamental","Público",2018,"https://gacetadeiztapalapa.com.mx/se-presento-la-plataforma-digital-comparo-voto-para-contribuir-al-sufragio-informado/"
"Comparo voto","Iván Serrano Jáuregui - Gaceta Oficial","Una plataforma por un voto informado","Gubernamental","Público",2018,"https://www.gaceta.udg.mx/wp-content/uploads/2020/02/968.pdf"
"Comparo voto","Instituto Electoral Ciudad de México","Informe Anual de Evaluación de Factores Internos y Externos 2018","Gubernamental","Público",2019,"https://www.iecm.mx/www/taip/cg/inf/2019/INF-035-19.pdf"
"Banco de datos de industrias culturales y creativas","Ana Francia Ortís Quijada y Gibrán Valencia Murrieta","Medir la cultura para mejorarla","Académico","Privado",2019,"https://arteentreparentesis.unison.mx/index.php/AEP/article/view/13"
"Banco de datos de industrias culturales y creativas","Marius Roeterdink","Understanding the place-specific formation processes of sustainable urban experiments A mixed method comparative case study of Formula E","Académico","Privado",2021,"https://studenttheses.uu.nl/bitstream/handle/20.500.12932/41084/Master%27s%20thesis%20Marius%20Roeterdink%20%5bPDF%5d.pdf?sequence=1&isAllowed=y"
"Banco de datos de industrias culturales y creativas","Consejo Nuevo León","Plan Estretégico Nuevo León 2040","Gubernamental","Público",2023,"https://planestrategico.conl.mx/documentos/bibliografia"
"Artificial intelligence and co-creativity: A general copyright perspective from Latin America","Esteban Santamaría Hernández","DERECHOS DE PROPIEDAD INTELECTUAL Y POLÍTICAS PÚBLICAS PARA LA ECONOMÍA CREATIVA Recomendaciones para América Latina y el Caribe","Académico","Privado",2022,"https://economiacreativa.deboraarango.edu.co/Documentos/Derechos-de-propiedad-intelectual-y-politicas-publicas-para-la-Economía del conocimiento y economía creativa como herramientas para salir de la crisis generada por el COVID-19 en América Latina y el Caribe: un enfoque hacía la Alianza del Pacífico-recomendaciones-para-America-Latina-y-el-Caribe.pdf"
"Artificial intelligence and co-creativity: A general copyright perspective from Latin America","United Nations Conference on trade and development","Creative Economy Outlook 2024","Internacional","Organismo Internacional",2024,"https://unctad.org/system/files/official-document/ditctsce2024d2_en.pdf"
"OTROS","Gobierno de México","Estado General de las Variedades Vegetales en México","Gubernamental","Público",2017,"https://www.gob.mx/snics/videos/estado-general-de-las-variedades-vegetales-en-mexico"
"OTROS","Plan de Tecnologías del Lenguaje - Gobierno de España","Análisis del sector de tecnologías del lenguaje en México","Gubernamental","Público",2018,"https://plantl.digital.gob.es/tecnologias-lenguaje/actividades/Estudios%20del%20sector/Sector%20de%20tecnologías%20del%20lenguaje%20en%20Iberoamérica/Informe-TL-Mexico.pdf"
"OTROS","La Casa Blanca","Annual Intellectual Property Report to Congress","Internacional","Público",2024,"https://bidenwhitehouse.archives.gov/wp-content/uploads/2024/04/IPEC-FY-23-Annual-Report_Final.pdf"
"OTROS","United States Patent and Trademark Office","2024 2024 Women Women in Intellectual in Intellectual
Women in IP:
Property (IP) Symposium","Internacional","Público",2024,"https://www.uspto.gov/sites/default/files/documents/2024WomenInIPSymposiumEbinderFINAL.pdf"